Customer ID,Customer City,Customer State,Customer Latitude,Customer Longitude
103800,Houston,Texas,29.8941,-95.6481
112326,Naperville,Illinois,41.7662,-88.141
141817,Philadelphia,Pennsylvania,39.9448,-75.2288
167199,Henderson,Kentucky,37.8274,-87.5632
106054,Athens,Georgia,33.9321,-83.3525
130813,Los Angeles,California,34.066,-118.474
105417,Huntsville,Texas,30.6448,-95.5798
135405,Laredo,Texas,27.5569,-99.4907
149020,Springfield,Virginia,38.7449,-77.237
130092,Dover,Delaware,39.1564,-75.4955
157147,San Francisco,California,37.7917,-122.4186
109232,Mount Pleasant,South Carolina,32.8473,-79.8206
118192,Newark,Ohio,40.0724,-82.4046
162775,Bossier City,Louisiana,32.5449,-93.7038
149524,Philadelphia,Pennsylvania,40.0118,-75.1456
103366,Roswell,Georgia,34.0213,-84.3104
115791,Philadelphia,Pennsylvania,39.9925,-75.1133
123477,Springfield,Oregon,44.0611,-123.0153
146591,Scottsdale,Arizona,33.6165,-111.9554
147627,Jonesboro,Arkansas,35.833,-90.6965
167927,Westland,Michigan,42.3358,-83.3846
148614,Los Angeles,California,34.066,-118.474
147774,Smyrna,Tennessee,35.9656,-86.5048
110422,Miami,Florida,25.9597,-80.1403
115238,Queen's Park Ontario Provincial Government,Ontario,43.6641,-79.3889
146997,Lafayette,Indiana,40.4001,-86.8602
102645,Las Vegas,Nevada,36.2158,-115.0671
167997,Rapid City,South Dakota,44.1415,-103.2052
155502,Alexandria,Virginia,38.8149,-77.121
117163,La Jolla,California,32.8455,-117.2521
100328,New York,New York,40.7864,-73.9764
134103,Detroit,Michigan,42.4337,-83.0434
115161,Mission Viejo,California,33.6128,-117.6622
140795,Green Bay,Wisconsin,44.5025,-87.9771
123400,Saint Petersburg,Florida,27.7898,-82.7243
139857,La Jolla,California,32.8455,-117.2521
111059,Seattle,Washington,47.6633,-122.3022
104808,Escondido,California,33.1101,-117.07
107181,Encinitas,California,33.0535,-117.2689
108182,Lockport,Illinois,41.593,-88.0507
131905,Chesapeake,Virginia,36.7352,-76.2384
169390,New York,New York,40.7864,-73.9764
107755,Linden,New Jersey,40.6354,-74.2556
125759,North Las Vegas,Nevada,36.2589,-115.1718
168368,Columbia,Missouri,38.9348,-92.3639
127614,Chesapeake,Virginia,36.7352,-76.2384
110674,Concord,California,37.9575,-121.975
121762,Seattle,Washington,47.6733,-122.3426
107706,Houston,Texas,29.8941,-95.6481
165568,Seattle,Washington,47.6633,-122.3022
122567,Dallas,Texas,32.8681,-96.8622
154165,Chicago,Illinois,41.8196,-87.6126
165589,Lubbock,Texas,33.5159,-101.9344
152905,Arlington,Texas,32.6555,-97.1599
109491,Richmond,Indiana,39.8324,-84.8936
164903,Los Angeles,California,34.066,-118.474
165540,Woodstock,Illinois,42.3198,-88.4477
133354,Moreno Valley,California,33.9157,-117.2351
103744,El Paso,Texas,31.7089,-106.3293
137680,Medford,Oregon,42.3363,-122.8398
156545,Columbus,Ohio,40.0839,-82.9726
113880,Elmhurst,Illinois,41.8927,-87.941
131009,El Paso,Texas,31.7089,-106.3293
104269,Seattle,Washington,47.6849,-122.2968
168312,Houston,Texas,29.6984,-95.5405
143707,New York,New York,40.8011,-73.9371
107524,New York,New York,40.7262,-73.9796
111157,Philadelphia,Pennsylvania,40.0343,-75.1213
127978,Columbus,Ohio,40.0839,-82.9726
105648,La Jolla,California,32.8455,-117.2521
130421,Houston,Texas,29.8941,-95.6481
155852,Wilmington,North Carolina,34.2237,-77.8862
127964,New York,New York,40.8011,-73.9371
117016,Pompano Beach,Florida,26.2674,-80.2092
116239,Columbia,South Carolina,34.0635,-81.0265
169061,Yonkers,New York,40.9461,-73.8669
104563,Seattle,Washington,47.6733,-122.3426
156587,Seattle,Washington,47.6733,-122.3426
131982,Seattle,Washington,47.3929,-122.3129
140116,Denver,Colorado,39.6956,-105.0341
100279,Royal Oak,Michigan,42.519,-83.157
166884,Columbus,Ohio,40.0839,-82.9726
114790,Richmond,Kentucky,37.7546,-84.2955
103338,Roseville,California,38.7346,-121.234
158337,New York,New York,40.7864,-73.9764
139675,Calgary (Lynnwood Ridge / Ogden / Foothills Industrial / Great Plains),Alberta,50.987,-113.9634
125521,Chesapeake,Virginia,36.7352,-76.2384
157623,Huntington Beach,California,33.6654,-117.9686
114510,Logan,Utah,41.747,-111.8226
100293,Jacksonville,Florida,30.2787,-81.5831
152618,Chicago,Illinois,41.8196,-87.6126
149958,Tampa,Florida,28.0091,-82.5034
157609,Raleigh,North Carolina,35.8334,-78.5799
148838,New York,New York,40.7864,-73.9764
118339,Lakeville,Minnesota,44.6749,-93.2578
164763,Jackson,Mississippi,32.2435,-90.2612
158442,Dallas,Texas,32.7244,-96.6755
127859,Philadelphia,Pennsylvania,39.9925,-75.1133
111871,San Francisco,California,37.7509,-122.4153
145317,Jacksonville,Florida,30.2787,-81.5831
131275,Burbank,California,34.169,-118.3442
103989,Lakeland,Florida,28.0381,-81.9392
155544,Knoxville,Tennessee,36.0501,-83.9226
163223,Springfield,Virginia,38.7449,-77.237
140004,Hamilton,Ohio,39.4059,-84.5221
107405,Asheville,North Carolina,35.5808,-82.6078
148040,Tucson,Arizona,32.2691,-110.9845
129609,Portage,Indiana,41.5672,-87.1757
158057,Greensboro,North Carolina,36.1214,-79.7733
164749,Delray Beach,Florida,26.4564,-80.1054
120838,Los Angeles,California,34.0699,-118.3492
143637,Fresno,California,36.7528,-119.7061
147235,New York,New York,40.7864,-73.9764
148586,New York,New York,40.7262,-73.9796
128237,San Francisco,California,37.7509,-122.4153
141838,San Francisco,California,37.7593,-122.4836
100860,Pomona,California,34.0812,-117.7362
138436,Los Angeles,California,34.0699,-118.3492
117380,Springfield,Ohio,39.9528,-83.7804
137869,Des Moines,Iowa,41.5444,-93.6192
100881,Albuquerque,New Mexico,35.0448,-106.6893
137274,Plano,Texas,33.055,-96.7365
131247,San Francisco,California,37.7509,-122.4153
162089,Brownsville,Texas,25.9221,-97.4612
105151,New York,New York,40.7262,-73.9796
169033,Long Beach,New York,40.5877,-73.6595
133424,Seattle,Washington,47.6633,-122.3022
113124,Saint Paul,Minnesota,44.7497,-93.2029
130428,Tampa,Florida,28.0091,-82.5034
128055,San Francisco,California,37.7593,-122.4836
101770,Miami,Florida,25.9597,-80.1403
104759,Chicago,Illinois,41.9033,-87.6336
112403,Philadelphia,Pennsylvania,40.0343,-75.1213
157021,Vallejo,California,38.0985,-122.2124
138359,Revere,Massachusetts,42.4138,-71.0052
160276,Virginia Beach,Virginia,36.7978,-76.1759
164315,Athens,Georgia,33.9321,-83.3525
157847,Houston,Texas,29.8941,-95.6481
112291,Los Angeles,California,34.0116,-118.3411
133228,Detroit,Michigan,42.4313,-82.9813
128685,Los Angeles,California,34.0116,-118.3411
105172,San Francisco,California,37.7917,-122.4186
149538,Lafayette,Louisiana,30.2077,-92.0656
102988,Alexandria,Virginia,38.8149,-77.121
149104,Dearborn Heights,Michigan,42.3353,-83.2864
157231,Richmond,Kentucky,37.7546,-84.2955
113887,New York,New York,40.8011,-73.9371
151001,Decatur,Illinois,39.8395,-88.9465
102652,Los Angeles,California,34.066,-118.474
169803,Seattle,Washington,47.6849,-122.2968
118486,Philadelphia,Pennsylvania,39.9448,-75.2288
153808,Los Angeles,California,34.0762,-118.3029
136742,Lancaster,Pennsylvania,40.0335,-76.2844
124023,Mobile,Alabama,30.6817,-88.2945
128846,Columbia,South Carolina,34.0635,-81.0265
165806,Marietta,Georgia,34.0025,-84.4633
118997,Decatur,Alabama,34.5896,-86.9887
150581,Concord,California,37.9575,-121.975
121769,Toledo,Ohio,41.6492,-83.6706
100363,Glendale,Arizona,33.5311,-112.1767
163797,Chandler,Arizona,33.3301,-111.8632
121734,Lewiston,Idaho,46.3646,-116.8609
102715,Miami,Florida,25.9597,-80.1403
110555,Great Falls,Montana,47.495,-111.2502
138940,Austin,Texas,30.2063,-97.7956
154599,Redondo Beach,California,33.8707,-118.3715
142979,Lodi,California,38.1222,-121.2555
158365,Bloomington,Indiana,39.1401,-86.5083
122336,Philadelphia,Pennsylvania,40.0118,-75.1456
167724,Baltimore,Maryland,39.3446,-76.6794
120740,Los Angeles,California,34.066,-118.474
155208,Wilmington,North Carolina,34.2237,-77.8862
100678,Houston,Texas,29.8941,-95.6481
110849,Los Angeles,California,34.066,-118.474
169460,San Jose,California,37.2458,-121.8306
158470,Arlington,Virginia,38.859,-77.0997
101462,Los Angeles,California,33.9631,-118.3941
134572,Houston,Texas,29.9781,-95.5803
158064,Los Angeles,California,34.0116,-118.3411
136336,Henderson,Kentucky,37.8274,-87.5632
122070,Troy,New York,42.7287,-73.6683
150119,Columbus,Ohio,40.0839,-82.9726
112564,Philadelphia,Pennsylvania,39.9925,-75.1133
111857,San Francisco,California,37.7917,-122.4186
166954,San Gabriel,California,34.089,-118.0955
157406,Houston,Texas,29.8941,-95.6481
110100,Wilmington,North Carolina,34.2237,-77.8862
147298,Los Angeles,California,34.066,-118.474
116785,Los Angeles,California,34.0699,-118.3492
118976,Baltimore,Maryland,39.3446,-76.6794
140228,Newark,Ohio,40.0724,-82.4046
132983,Jamestown,New York,42.0928,-79.244
131387,San Francisco,California,37.7593,-122.4836
107811,Memphis,Tennessee,35.0425,-90.0732
142727,Lake Charles,Louisiana,30.2285,-93.188
134061,Rochester,New York,43.174,-77.5637
118304,Dover,Delaware,39.1564,-75.4955
160094,Louisville,Kentucky,38.1593,-85.778
156006,Jackson,Mississippi,32.2435,-90.2612
115056,Columbus,Ohio,40.0839,-82.9726
124618,Lakeland,Florida,28.0381,-81.9392
135755,Yonkers,New York,40.9461,-73.8669
130274,Appleton,Wisconsin,44.2425,-88.3564
155271,Middletown,Connecticut,41.5569,-72.6652
148194,Seattle,Washington,47.6633,-122.3022
111899,Houston,Texas,29.6984,-95.5405
117709,Jackson,Michigan,42.2545,-84.3875
110219,San Antonio,Texas,29.4229,-98.526
166457,Richmond,Kentucky,37.7546,-84.2955
111934,Arlington,Virginia,38.859,-77.0997
160738,Freeport,Illinois,42.2991,-89.6345
154879,Los Angeles,California,34.0762,-118.3029
121664,Los Angeles,California,34.066,-118.474
166086,Lawrence,Massachusetts,42.7115,-71.167
166086,Don Mills South (Flemingdon Park),Ontario,43.7334,-79.3329
116666,Philadelphia,Pennsylvania,39.9925,-75.1133
158771,Henderson,Kentucky,37.8274,-87.5632
102071,San Francisco,California,37.7509,-122.4153
114181,Philadelphia,Pennsylvania,39.9925,-75.1133
103310,San Jose,California,37.2458,-121.8306
159709,Kent,Washington,47.388,-122.1932
152100,Huntsville,Texas,30.6448,-95.5798
103849,Fort Worth,Texas,32.7968,-97.356
127523,Watertown,New York,43.9743,-75.9122
119172,Chicago,Illinois,41.9033,-87.6336
139017,Houston,Texas,29.8941,-95.6481
127159,Milwaukee,Wisconsin,43.1188,-87.9478
155887,Franklin,Massachusetts,42.0935,-71.4058
113768,Los Angeles,California,34.0762,-118.3029
140165,Hialeah,Florida,25.8654,-80.3059
167164,West Jordan,Utah,40.6254,-111.9677
114433,Oakland,California,37.7806,-122.2166
106810,Saint Petersburg,Florida,27.7898,-82.7243
125150,Los Angeles,California,34.0699,-118.3492
163146,San Francisco,California,37.7593,-122.4836
148761,Eau Claire,Wisconsin,44.8346,-91.5159
164224,Akron,Ohio,41.0334,-81.4385
133963,Dallas,Texas,32.8681,-96.8622
103373,Cleveland,Ohio,41.4509,-81.619
107699,Midland,Michigan,43.6376,-84.268
130155,Virginia Beach,Virginia,36.7978,-76.1759
114188,Dover,New Hampshire,43.1888,-70.8868
130673,San Marcos,Texas,29.8754,-97.9404
166695,Vancouver (SW Downtown),British Columbia,49.2767,-123.13
127166,Houston,Texas,29.9781,-95.5803
152443,Lawrence,Massachusetts,42.7115,-71.167
104780,La Jolla,California,32.8455,-117.2521
117639,Virginia Beach,Virginia,36.7978,-76.1759
152443,Pointe-Aux-Trembles,Quebec,45.6753,-73.5016
143840,Decatur,Alabama,34.5896,-86.9887
135881,New York,New York,40.8011,-73.9371
105767,Philadelphia,Pennsylvania,39.9925,-75.1133
138513,Bellevue,Washington,47.5614,-122.1552
143413,Baltimore,Maryland,39.3446,-76.6794
130379,Chicago,Illinois,41.849,-87.7157
100391,New York,New York,40.8011,-73.9371
156349,Los Angeles,California,34.0116,-118.3411
158029,Los Angeles,California,34.0116,-118.3411
144029,Chicago,Illinois,41.849,-87.7157
129574,Salt Lake City,Utah,40.6568,-111.8904
124429,San Diego,California,32.7423,-117.0947
117058,Chicago,Illinois,41.8196,-87.6126
139192,San Francisco,California,37.7917,-122.4186
108861,Seattle,Washington,47.6633,-122.3022
135993,Seattle,Washington,47.6849,-122.2968
145800,Buffalo Grove,Illinois,42.1598,-87.9644
103429,New York,New York,40.7864,-73.9764
105872,New York,New York,40.7864,-73.9764
146885,Richmond,Virginia,37.5477,-77.3948
140473,Chicago,Illinois,41.849,-87.7157
166051,Jackson,Mississippi,32.2435,-90.2612
131926,Lakeville,Minnesota,44.6749,-93.2578
165659,Little Rock,Arkansas,34.6725,-92.3529
157070,Detroit,Michigan,42.4337,-83.0434
111003,Lakewood,New Jersey,40.085,-74.2042
104472,Orem,Utah,40.3134,-111.6953
100895,Roswell,Georgia,34.0213,-84.3104
163867,Decatur,Illinois,39.8395,-88.9465
135657,Seattle,Washington,47.6849,-122.2968
141299,Midland,Michigan,43.6376,-84.268
151946,New York,New York,40.8011,-73.9371
147914,Columbus,Ohio,40.0839,-82.9726
159520,Long Beach,New York,40.5877,-73.6595
133270,Rochester,New York,43.174,-77.5637
169257,Jacksonville,Florida,30.2787,-81.5831
161305,Chicago,Illinois,41.849,-87.7157
151897,Houston,Texas,29.9781,-95.5803
106229,Aurora,Illinois,41.7582,-88.2971
134971,Peoria,Illinois,40.7111,-89.6324
109162,Bristol,Tennessee,36.5686,-82.1819
141257,Seattle,Washington,47.6849,-122.2968
108147,Long Beach,New York,40.5877,-73.6595
115812,Los Angeles,California,34.0818,-118.1753
160262,North Las Vegas,Nevada,36.2589,-115.1718
132612,Harrisonburg,Virginia,38.4489,-78.8714
133753,Huntsville,Texas,30.6448,-95.5798
133851,San Francisco,California,37.7593,-122.4836
144281,Detroit,Michigan,42.4337,-83.0434
114643,Los Angeles,California,34.0818,-118.1753
140487,Detroit,Michigan,42.4337,-83.0434
141215,San Antonio,Texas,29.4229,-98.526
126963,El Paso,Texas,31.7089,-106.3293
136644,Mishawaka,Indiana,41.6507,-86.1623
113929,Hempstead,New York,40.7049,-73.6176
144414,Seattle,Washington,47.6633,-122.3022
156342,Chicago,Illinois,41.8196,-87.6126
104402,Newark,Delaware,39.7011,-75.7375
123855,Los Angeles,California,34.0699,-118.3492
184712,Halifax Lower Harbour,Nova Scotia,44.6344,-63.5822
166863,Plano,Texas,33.055,-96.7365
112949,Lawton,Oklahoma,34.6179,-98.4552
138317,Philadelphia,Pennsylvania,40.0343,-75.1213
117135,Waynesboro,Virginia,38.0774,-78.9035
130624,New York,New York,40.7864,-73.9764
128146,Lakewood,New Jersey,40.085,-74.2042
141278,Meriden,Connecticut,41.5334,-72.7997
160780,Pueblo,Colorado,38.2879,-104.5848
141796,Long Beach,New York,40.5877,-73.6595
154963,Chester,Pennsylvania,39.8498,-75.3747
133389,Phoenix,Arizona,33.6324,-112.1118
124646,Minneapolis,Minnesota,44.9378,-93.2545
142048,Louisville,Colorado,39.9789,-105.1456
130358,Concord,North Carolina,35.4141,-80.6162
126032,Philadelphia,Pennsylvania,39.9448,-75.2288
159814,Tucson,Arizona,32.2691,-110.9845
159338,Los Angeles,California,34.066,-118.474
164469,Salem,Oregon,44.949,-123.004
104283,Southaven,Mississippi,34.9771,-89.9992
140858,Philadelphia,Pennsylvania,40.0118,-75.1456
156993,Detroit,Michigan,42.4337,-83.0434
165974,Cincinnati,Ohio,39.2418,-84.5437
111773,New York,New York,40.7864,-73.9764
121566,New York,New York,40.7402,-73.9996
109218,Los Angeles,California,34.0762,-118.3029
123064,Chicago,Illinois,41.8196,-87.6126
146640,New York,New York,40.7864,-73.9764
116757,Houston,Texas,29.8941,-95.6481
152254,Wilmington,North Carolina,34.2237,-77.8862
160773,Deltona,Florida,28.8989,-81.2473
153150,Seattle,Washington,47.6633,-122.3022
107594,Plainfield,New Jersey,40.6152,-74.415
120096,Aurora,Colorado,39.6575,-104.7846
138709,Richmond,Virginia,37.5477,-77.3948
103317,Palm Coast,Florida,29.5565,-81.219
152849,Knoxville,Tennessee,36.0501,-83.9226
107139,Los Angeles,California,34.0762,-118.3029
157784,Jackson,Mississippi,32.2435,-90.2612
160444,Houston,Texas,29.6984,-95.5405
147543,El Cajon,California,32.7928,-116.9665
134278,New York,New York,40.7402,-73.9996
138758,Philadelphia,Pennsylvania,40.0343,-75.1213
150301,Buffalo,New York,42.9335,-78.8115
100090,San Francisco,California,37.7593,-122.4836
113271,San Francisco,California,37.7593,-122.4836
114125,Los Angeles,California,34.066,-118.474
165379,Dallas,Texas,32.7244,-96.6755
163552,Hackensack,New Jersey,40.8882,-74.0503
133305,New York,New York,40.7402,-73.9996
123225,El Paso,Texas,31.7089,-106.3293
166555,Niagara Falls,New York,43.0908,-78.9644
131310,Seattle,Washington,47.6849,-122.2968
161508,League City,Texas,29.5173,-95.0963
129924,San Francisco,California,37.7593,-122.4836
124807,Chicago,Illinois,41.9033,-87.6336
110184,Los Angeles,California,34.0699,-118.3492
165862,Los Angeles,California,34.066,-118.474
164182,Philadelphia,Pennsylvania,40.0118,-75.1456
124464,Newark,Delaware,39.7011,-75.7375
109904,New York,New York,40.7262,-73.9796
103905,Aurora,Illinois,41.7582,-88.2971
150532,Phoenix,Arizona,33.6324,-112.1118
115980,Sioux Falls,South Dakota,43.5374,-96.6864
123295,Tucson,Arizona,32.2691,-110.9845
138198,New Rochelle,New York,40.9166,-73.7877
150434,Bristol,Connecticut,41.6823,-72.9302
168158,Great Falls,Montana,47.495,-111.2502
143903,Dallas,Texas,32.7244,-96.6755
141726,San Diego,California,32.7423,-117.0947
127866,Riverside,California,33.9208,-117.4589
142965,Springfield,Ohio,39.9528,-83.7804
157546,San Francisco,California,37.7593,-122.4836
116932,San Francisco,California,37.7593,-122.4836
129189,Dallas,Texas,32.7244,-96.6755
109890,Omaha,Nebraska,41.2919,-95.9999
117464,San Francisco,California,37.7593,-122.4836
127691,New York,New York,40.7864,-73.9764
122679,Los Angeles,California,34.0116,-118.3411
164644,Houston,Texas,29.8941,-95.6481
119137,Tucson,Arizona,32.2691,-110.9845
145254,San Francisco,California,37.7593,-122.4836
103058,New York,New York,40.7402,-73.9996
143917,San Francisco,California,37.7593,-122.4836
146528,Los Angeles,California,33.9631,-118.3941
116190,Atlanta,Georgia,33.7865,-84.4454
126760,North Las Vegas,Nevada,36.2589,-115.1718
169019,San Antonio,Texas,29.4229,-98.526
155894,Chicago,Illinois,41.849,-87.7157
159121,Draper,Utah,40.5046,-111.881
150126,New York,New York,40.8011,-73.9371
169642,Los Angeles,California,34.0699,-118.3492
124709,San Francisco,California,37.7593,-122.4836
131541,Apopka,Florida,28.712,-81.5136
111192,Seattle,Washington,47.6733,-122.3426
117345,Charlotte,North Carolina,35.22,-80.7881
152296,San Francisco,California,37.7593,-122.4836
162684,Philadelphia,Pennsylvania,40.0343,-75.1213
106299,Springfield,Missouri,37.1668,-93.3085
133690,Denver,Colorado,39.6956,-105.0341
125612,New York,New York,40.8011,-73.9371
128986,Glendale,Arizona,33.5311,-112.1767
134215,Bangor,Maine,44.8242,-68.7918
126361,Pleasant Grove,Utah,40.372,-111.7333
117968,Meriden,Connecticut,41.5334,-72.7997
118962,Los Angeles,California,34.0762,-118.3029
124723,Texas City,Texas,29.397,-94.9203
110065,New York,New York,40.7262,-73.9796
150490,San Francisco,California,37.7593,-122.4836
115357,Columbia,South Carolina,34.0635,-81.0265
137575,New York,New York,40.8011,-73.9371
156790,Jacksonville,Florida,30.2787,-81.5831
151708,Glendale,Arizona,33.5311,-112.1767
131450,Encinitas,California,33.0535,-117.2689
124478,Trenton,Michigan,42.1382,-83.2179
154669,Vacaville,California,38.3482,-121.9538
129322,Downtown Toronto (Richmond / Adelaide / King),Ontario,43.6496,-79.3833
161249,Phoenix,Arizona,33.6324,-112.1118
169726,Seattle,Washington,47.6733,-122.3426
110527,La Jolla,California,32.8455,-117.2521
141901,Fresno,California,36.7528,-119.7061
167850,Saint Petersburg,Florida,27.7898,-82.7243
166471,Seattle,Washington,47.6733,-122.3426
127012,Seattle,Washington,47.6633,-122.3022
154641,New York,New York,40.8011,-73.9371
109897,San Francisco,California,37.7593,-122.4836
156244,Miami,Florida,25.9597,-80.1403
153927,Woodstock,Georgia,34.106,-84.5117
109302,Lakewood,New Jersey,40.085,-74.2042
164406,San Francisco,California,37.7593,-122.4836
109043,Hollywood,Florida,26.0218,-80.1891
141005,Fairfield,Connecticut,41.1692,-73.2681
138023,Richardson,Texas,32.9462,-96.7058
142839,Philadelphia,Pennsylvania,39.9448,-75.2288
111500,Little Rock,Arkansas,34.6725,-92.3529
129168,Houston,Texas,29.8941,-95.6481
156559,Jonesboro,Arkansas,35.833,-90.6965
133158,Los Angeles,California,33.9631,-118.3941
121727,Columbus,Ohio,40.0839,-82.9726
164616,Columbus,Ohio,40.0839,-82.9726
143581,Columbus,Georgia,32.4779,-84.898
132339,Montreal East,Quebec,45.632,-73.5075
115777,Montreal East,Quebec,45.632,-73.5075
114321,Hampton,Virginia,37.0462,-76.4096
166716,Chicago,Illinois,41.9033,-87.6336
123253,Lakewood,Ohio,41.4847,-81.8018
166828,Saint Charles,Missouri,38.8014,-90.5065
130918,Miami,Florida,25.8934,-80.1758
124737,Denver,Colorado,39.6956,-105.0341
154837,Los Angeles,California,34.0818,-118.1753
112795,Grand Rapids,Michigan,43.012,-85.6309
110639,New York,New York,40.7262,-73.9796
107916,Oceanside,New York,40.6362,-73.6375
106719,Billings,Montana,45.7813,-108.5727
120432,Owensboro,Kentucky,37.7513,-87.1554
104178,Los Angeles,California,34.0699,-118.3492
107398,Columbus,Ohio,40.0839,-82.9726
126200,Houston,Texas,29.9781,-95.5803
115259,Columbus,Ohio,40.0839,-82.9726
103660,Seattle,Washington,47.6733,-122.3426
103331,Newark,Delaware,39.7011,-75.7375
115413,Newark,Delaware,39.7011,-75.7375
123260,Los Angeles,California,34.0818,-118.1753
124688,Springfield,Virginia,38.7449,-77.237
143336,San Francisco,California,37.7917,-122.4186
101266,Springfield,Virginia,38.7449,-77.237
169775,Miami,Florida,25.8141,-80.3549
135699,San Francisco,California,37.7509,-122.4153
146500,Bristol,Connecticut,41.6823,-72.9302
143385,Santa Fe,New Mexico,35.6219,-105.8688
126522,Escondido,California,33.1101,-117.07
165428,Houston,Texas,29.6984,-95.5405
109855,New York,New York,40.7262,-73.9796
157721,Watertown,New York,43.9743,-75.9122
138828,New York,New York,40.7262,-73.9796
127936,New York,New York,40.7262,-73.9796
152268,Fayetteville,Arkansas,36.052,-94.1534
106971,Buffalo Grove,Illinois,42.1598,-87.9644
151792,Chicago,Illinois,41.8196,-87.6126
158281,Houston,Texas,29.8941,-95.6481
120236,Houston,Texas,29.8941,-95.6481
125171,New York,New York,40.7262,-73.9796
136861,Saint Petersburg,Florida,27.7898,-82.7243
106572,Bowling Green,Ohio,41.3815,-83.6507
130449,San Francisco,California,37.7917,-122.4186
117765,Tulsa,Oklahoma,36.0467,-95.8841
122882,Philadelphia,Pennsylvania,39.9925,-75.1133
131002,Tulsa,Oklahoma,36.0467,-95.8841
105165,Houston,Texas,29.6984,-95.5405
126193,Oswego,Illinois,41.6849,-88.3453
109918,Santa Clara,California,37.3483,-121.9844
100006,New York,New York,40.7864,-73.9764
107818,Pasco,Washington,46.2492,-119.1044
139892,San Antonio,Texas,29.4229,-98.526
146283,Houston,Texas,29.6984,-95.5405
146815,New York,New York,40.7262,-73.9796
123127,Long Beach,New York,40.5877,-73.6595
168592,San Francisco,California,37.7509,-122.4153
140032,San Francisco,California,37.7917,-122.4186
115987,Tyler,Texas,32.3254,-95.2922
128839,Chesapeake,Virginia,36.7352,-76.2384
163293,Macon,Georgia,32.8424,-83.6766
132500,San Francisco,California,37.7509,-122.4153
126403,Lowell,Massachusetts,42.6344,-71.2983
102869,Philadelphia,Pennsylvania,40.0118,-75.1456
131870,Lancaster,Ohio,39.7187,-82.6031
144407,Detroit,Michigan,42.3883,-83.1937
103527,Chicago,Illinois,41.8196,-87.6126
115196,Greenville,North Carolina,35.6192,-77.3975
125731,Gresham,Oregon,45.5154,-122.4203
113383,Clifton,New Jersey,40.8789,-74.1425
138835,Virginia Beach,Virginia,36.7978,-76.1759
126438,Rivière-des-Prairies Northeast,Quebec,45.6656,-73.5367
112837,Oxnard,California,34.2141,-119.175
116246,New York,New York,40.8011,-73.9371
119081,Olathe,Kansas,38.8733,-94.7752
138527,Cary,North Carolina,35.7641,-78.7786
103702,Fairfield,Ohio,39.3266,-84.5479
150924,Houston,Texas,29.9781,-95.5803
101476,New Rochelle,New York,40.9166,-73.7877
113859,Odessa,Texas,31.889,-102.3548
142769,Seattle,Washington,47.6733,-122.3426
145212,New York,New York,40.7402,-73.9996
156216,Charlotte,North Carolina,35.22,-80.7881
126277,Columbus,Ohio,40.0839,-82.9726
132962,Philadelphia,Pennsylvania,39.9448,-75.2288
140039,Tempe,Arizona,33.4227,-111.9261
127635,Corpus Christi,Texas,27.7262,-97.4078
159184,Macon,Georgia,32.8424,-83.6766
145576,Tampa,Florida,28.0091,-82.5034
160766,New York,New York,40.7262,-73.9796
100853,Chicago,Illinois,41.849,-87.7157
113362,Rochester,New York,43.174,-77.5637
149594,Philadelphia,Pennsylvania,40.0343,-75.1213
138100,New York,New York,40.7402,-73.9996
141152,New York,New York,40.7864,-73.9764
103940,Seattle,Washington,47.6733,-122.3426
131947,Springfield,Oregon,44.0611,-123.0153
158638,Philadelphia,Pennsylvania,40.0343,-75.1213
112851,Chula Vista,California,32.6084,-117.0565
117170,Raleigh,North Carolina,35.8334,-78.5799
168130,New York,New York,40.7402,-73.9996
138177,Chandler,Arizona,33.3301,-111.8632
159849,San Francisco,California,37.7509,-122.4153
156601,Long Beach,California,33.8635,-118.1801
132787,Seattle,Washington,47.6849,-122.2968
127299,Charlotte,North Carolina,35.22,-80.7881
106992,Houston,Texas,29.6984,-95.5405
166744,Columbia,Maryland,39.2141,-76.8788
125997,New York,New York,40.7402,-73.9996
120411,Chicago,Illinois,41.8196,-87.6126
134614,Bloomington,Illinois,40.4783,-88.9893
133704,Los Angeles,California,34.0762,-118.3029
151953,Jacksonville,Florida,30.2787,-81.5831
156433,San Francisco,California,37.7509,-122.4153
126480,Encinitas,California,33.0535,-117.2689
153738,Willowdale South,Ontario,43.7673,-79.4111
166310,Garland,Texas,32.8565,-96.5999
125514,Omaha,Nebraska,41.2919,-95.9999
153969,San Francisco,California,37.7917,-122.4186
124513,New York,New York,40.7402,-73.9996
117478,Philadelphia,Pennsylvania,40.0118,-75.1456
168823,Philadelphia,Pennsylvania,39.9448,-75.2288
135972,Seattle,Washington,47.3929,-122.3129
156160,New York,New York,40.8011,-73.9371
127488,Boca Raton,Florida,26.3464,-80.1564
158225,San Jose,California,37.2458,-121.8306
103191,Chicago,Illinois,41.8196,-87.6126
134733,La Jolla,California,32.8455,-117.2521
163650,Dover,Delaware,39.1564,-75.4955
116904,Minneapolis,Minnesota,44.9378,-93.2545
163559,New York,New York,40.8011,-73.9371
113964,New York,New York,40.7402,-73.9996
148369,Newark,Delaware,39.7011,-75.7375
147900,Lakewood,Ohio,41.4847,-81.8018
123344,San Francisco,California,37.7917,-122.4186
160325,Rivière-des-Prairies Northeast,Quebec,45.6656,-73.5367
112914,Houston,Texas,29.8602,-95.5817
141355,Aurora,Colorado,39.6575,-104.7846
132451,San Diego,California,32.7423,-117.0947
151925,Los Angeles,California,34.066,-118.474
144974,Philadelphia,Pennsylvania,40.0118,-75.1456
115133,Lancaster,Ohio,39.7187,-82.6031
164385,Philadelphia,Pennsylvania,39.9925,-75.1133
152723,Mesquite,Texas,32.8154,-96.6307
127586,Seattle,Washington,47.6849,-122.2968
115049,Chicago,Illinois,41.849,-87.7157
133130,La Jolla,California,32.8455,-117.2521
120887,Hackensack,New Jersey,40.8882,-74.0503
114335,Hollywood,Florida,26.0218,-80.1891
125136,Fayetteville,North Carolina,35.0583,-79.008
107153,Lawrence,Massachusetts,42.7115,-71.167
107153,Pointe-Aux-Trembles,Quebec,45.6753,-73.5016
124856,New York,New York,40.7402,-73.9996
126683,Seattle,Washington,47.6849,-122.2968
146969,Los Angeles,California,33.9631,-118.3941
122931,Philadelphia,Pennsylvania,39.9925,-75.1133
111962,Seattle,Washington,47.6849,-122.2968
159478,New York,New York,40.8011,-73.9371
140886,Clarksville,Tennessee,36.5853,-87.4186
141649,Fairfield,Ohio,39.3266,-84.5479
137351,Seattle,Washington,47.6633,-122.3022
102008,New York,New York,40.7402,-73.9996
167633,Boynton Beach,Florida,26.5312,-80.1418
132745,Reno,Nevada,39.4972,-119.7764
108189,Tempe,Arizona,33.4227,-111.9261
157882,Los Angeles,California,34.0699,-118.3492
153976,Evanston,Illinois,42.0546,-87.6943
120775,Dallas,Texas,32.7244,-96.6755
155817,Durham,North Carolina,35.9631,-78.9315
108903,Columbus,Ohio,40.0839,-82.9726
166891,New York,New York,40.7864,-73.9764
153479,Vallejo,California,38.0985,-122.2124
102085,Seattle,Washington,47.6849,-122.2968
152422,Columbus,Ohio,40.0839,-82.9726
152233,Pomona,California,34.0812,-117.7362
131807,Calgary (Rundle / Whitehorn / Monterey Park),Alberta,51.0823,-113.9578
131807,Edmonton (West Clareview / East Londonderry),Alberta,53.5931,-113.4077
132542,Omaha,Nebraska,41.2919,-95.9999
110611,Philadelphia,Pennsylvania,40.0343,-75.1213
109680,Indianapolis,Indiana,39.743,-86.1179
134677,Encinitas,California,33.0535,-117.2689
117429,Philadelphia,Pennsylvania,40.0118,-75.1456
132801,Dallas,Texas,32.7244,-96.6755
119977,New York,New York,40.7402,-73.9996
142951,Charlotte,North Carolina,35.22,-80.7881
138240,San Francisco,California,37.7593,-122.4836
137911,Jacksonville,North Carolina,34.7375,-77.4628
140403,Manteca,California,37.8134,-121.2132
150329,Phoenix,Arizona,33.6324,-112.1118
134054,Albuquerque,New Mexico,35.0448,-106.6893
105137,Columbus,Ohio,40.0839,-82.9726
103492,Huntsville,Texas,30.6448,-95.5798
157924,Pasadena,California,34.1678,-118.1261
116834,Seattle,Washington,47.6849,-122.2968
114314,Fayetteville,Arkansas,36.052,-94.1534
128538,Redondo Beach,California,33.8707,-118.3715
126571,Philadelphia,Pennsylvania,40.0343,-75.1213
139451,San Francisco,California,37.7593,-122.4836
154655,Chicago,Illinois,41.849,-87.7157
164742,Lakewood,New Jersey,40.085,-74.2042
151995,Edmonds,Washington,47.8353,-122.327
132010,Richmond,Virginia,37.5477,-77.3948
123316,Mount Vernon,New York,40.9079,-73.838
151330,Everett,Massachusetts,42.4112,-71.0514
163748,Fort Worth,Texas,32.7968,-97.356
151015,Chicago,Illinois,41.8196,-87.6126
146353,Concord,New Hampshire,43.2185,-71.5277
122021,Cleveland,Ohio,41.3853,-81.7044
143182,Hialeah,Florida,25.8654,-80.3059
109456,San Francisco,California,37.7509,-122.4153
103086,Houston,Texas,29.8941,-95.6481
124394,Beaumont,Texas,30.0211,-94.1157
110408,Montgomery,Alabama,32.3129,-86.2421
115084,Texarkana,Arkansas,33.431,-93.8765
143168,Seattle,Washington,47.6733,-122.3426
138450,Philadelphia,Pennsylvania,39.9925,-75.1133
155264,San Francisco,California,37.7509,-122.4153
117317,Los Angeles,California,34.0818,-118.1753
100867,Lakewood,California,33.8512,-118.1457
125388,Pointe-Aux-Trembles,Quebec,45.6753,-73.5016
100867,Vancouver (North West End / Stanley Park),British Columbia,49.299,-123.1408
169684,Knoxville,Tennessee,36.0501,-83.9226
137092,Chicago,Illinois,41.8196,-87.6126
146703,Westland,Michigan,42.3358,-83.3846
142587,Fairfield,Ohio,39.3266,-84.5479
100916,Newport News,Virginia,37.1132,-76.5179
169852,Encinitas,California,33.0535,-117.2689
151967,Bossier City,Louisiana,32.5449,-93.7038
110072,Newark,Ohio,40.0724,-82.4046
130729,Rancho Cucamonga,California,34.107,-117.5941
113047,Rock Hill,South Carolina,34.9151,-81.0129
108707,Fort Lauderdale,Florida,26.1421,-80.1728
139542,Philadelphia,Pennsylvania,40.0343,-75.1213
158400,San Francisco,California,37.7917,-122.4186
162278,Seattle,Washington,47.6633,-122.3022
148285,Fayetteville,North Carolina,35.0583,-79.008
101931,Los Angeles,California,34.066,-118.474
107769,Garden City,Kansas,37.9769,-100.8621
166590,Columbus,Indiana,39.2055,-85.9317
154627,Chicago,Illinois,41.9033,-87.6336
145387,Cranston,Rhode Island,41.7716,-71.4659
106439,Los Angeles,California,34.066,-118.474
108609,Lorain,Ohio,41.4578,-82.171
167262,Avondale,Arizona,33.4321,-112.3438
120313,San Francisco,California,37.7509,-122.4153
114195,Mason,Ohio,39.3357,-84.3149
137155,Long Beach,New York,40.5877,-73.6595
139423,Orange,New Jersey,40.7692,-74.2355
102673,Charlotte,North Carolina,35.22,-80.7881
134313,Denver,Colorado,39.6956,-105.0341
152562,Richmond,Kentucky,37.7546,-84.2955
168305,Los Angeles,California,34.066,-118.474
126907,Chicago,Illinois,41.9033,-87.6336
148915,Portland,Oregon,45.484,-122.5973
107454,New York,New York,40.7864,-73.9764
129147,Medina,Ohio,41.1404,-81.8584
115889,San Francisco,California,37.7593,-122.4836
134726,Seattle,Washington,47.6849,-122.2968
120670,Fort Lauderdale,Florida,26.1421,-80.1728
148782,Irving,Texas,32.8267,-96.9633
165764,Jacksonville,North Carolina,34.7375,-77.4628
153619,Los Angeles,California,34.066,-118.474
119529,Orange,New Jersey,40.7692,-74.2355
121573,New York,New York,40.7262,-73.9796
146731,Nashville,Tennessee,36.0725,-86.724
137589,Lancaster,Pennsylvania,40.0335,-76.2844
155593,Fairfield,Connecticut,41.1692,-73.2681
124625,Omaha,Nebraska,41.2919,-95.9999
164973,New York,New York,40.7864,-73.9764
149244,La Jolla,California,32.8455,-117.2521
125829,Los Angeles,California,33.9631,-118.3941
121286,Cary,North Carolina,35.7641,-78.7786
134187,Long Beach,California,33.8635,-118.1801
132227,New York,New York,40.7402,-73.9996
114377,Hampton,Virginia,37.0462,-76.4096
109134,Los Angeles,California,34.0116,-118.3411
114251,Philadelphia,Pennsylvania,39.9448,-75.2288
133634,Arlington,Virginia,38.859,-77.0997
120950,Columbus,Georgia,32.4779,-84.898
159310,Houston,Texas,29.9781,-95.5803
120278,Wausau,Wisconsin,44.9654,-89.7066
139640,Portland,Oregon,45.484,-122.5973
123498,Houston,Texas,29.8602,-95.5817
123323,San Francisco,California,37.7509,-122.4153
146990,New York,New York,40.7864,-73.9764
126340,Redding,California,40.6278,-122.353
144666,San Francisco,California,37.7509,-122.4153
103219,New York,New York,40.8011,-73.9371
121006,Midland,Michigan,43.6376,-84.268
158372,La Jolla,California,32.8455,-117.2521
155796,Reading,Pennsylvania,40.3466,-75.9351
163419,Louisville,Colorado,39.9789,-105.1456
105270,Los Angeles,California,34.0116,-118.3411
140914,Chicago,Illinois,41.8196,-87.6126
140732,Los Angeles,California,34.0762,-118.3029
128524,Seattle,Washington,47.6849,-122.2968
165309,Houston,Texas,29.8941,-95.6481
143287,New Rochelle,New York,40.9166,-73.7877
105893,Madison,Wisconsin,43.0356,-89.4526
159618,Houston,Texas,29.6984,-95.5405
122609,Carrollton,Texas,33.0033,-96.882
151295,Los Angeles,California,33.9631,-118.3941
164910,Asheville,North Carolina,35.5808,-82.6078
151078,San Antonio,Texas,29.4229,-98.526
166989,New York,New York,40.7402,-73.9996
162362,Midland,Michigan,43.6376,-84.268
125556,Fairfield,Connecticut,41.1692,-73.2681
161634,Chesapeake,Virginia,36.7352,-76.2384
151554,Pasadena,Texas,29.7009,-95.1989
127558,Los Angeles,California,34.0116,-118.3411
116407,Johnson City,Tennessee,36.3107,-82.381
128888,Houston,Texas,29.8941,-95.6481
128622,San Francisco,California,37.7509,-122.4153
119144,Los Angeles,California,34.0116,-118.3411
139500,Decatur,Illinois,39.8395,-88.9465
147704,Bloomington,Indiana,39.1401,-86.5083
160066,Huntington Beach,California,33.6654,-117.9686
149643,Manhattan,Kansas,39.1938,-96.5858
128209,Buffalo,New York,42.9335,-78.8115
145926,Moorhead,Minnesota,46.8677,-96.7572
159835,Philadelphia,Pennsylvania,39.9448,-75.2288
119375,Newark,Delaware,39.7011,-75.7375
140662,San Francisco,California,37.7917,-122.4186
130869,Cedar Hill,Texas,32.5885,-96.9438
101833,New York,New York,40.7864,-73.9764
163468,Des Plaines,Illinois,42.0467,-87.8859
161032,Franklin,Wisconsin,42.9017,-88.0086
159926,Philadelphia,Pennsylvania,40.0118,-75.1456
124702,Seattle,Washington,47.6633,-122.3022
164210,Louisville,Colorado,39.9789,-105.1456
115336,Chicago,Illinois,41.849,-87.7157
133809,Fairfield,Ohio,39.3266,-84.5479
104829,Provo,Utah,40.2607,-111.6549
141173,Minneapolis,Minnesota,44.9378,-93.2545
123183,Wilmington,Delaware,39.7434,-75.5827
100972,Salt Lake City,Utah,40.7056,-111.8548
128062,Philadelphia,Pennsylvania,39.9925,-75.1133
150518,Minneapolis,Minnesota,45.1643,-93.3193
158274,Monroe,Louisiana,32.553,-92.0422
149034,Philadelphia,Pennsylvania,40.0343,-75.1213
144624,Jamestown,New York,42.0928,-79.244
140396,New York,New York,40.7864,-73.9764
102274,Richmond,Kentucky,37.7546,-84.2955
168501,Dallas,Texas,32.8681,-96.8622
154781,San Francisco,California,37.7509,-122.4153
103401,San Francisco,California,37.7509,-122.4153
129091,Columbus,Georgia,32.4779,-84.898
105340,Pasadena,Texas,29.7009,-95.1989
112200,Bolingbrook,Illinois,41.6976,-88.0873
125682,Atlanta,Georgia,33.7865,-84.4454
135090,Los Angeles,California,34.0699,-118.3492
157385,Los Angeles,California,34.0762,-118.3029
143721,Houston,Texas,29.8941,-95.6481
120544,Mesquite,Texas,32.8154,-96.6307
139283,Detroit,Michigan,42.3883,-83.1937
159625,Scottsdale,Arizona,33.6165,-111.9554
149055,Philadelphia,Pennsylvania,39.9925,-75.1133
110352,Houston,Texas,29.6984,-95.5405
105984,Columbus,Ohio,40.0839,-82.9726
102295,Sacramento,California,38.4797,-121.4438
158540,La Jolla,California,32.8455,-117.2521
122217,Virginia Beach,Virginia,36.7978,-76.1759
153850,Toledo,Ohio,41.6492,-83.6706
100762,Jackson,Michigan,42.2545,-84.3875
115973,Cincinnati,Ohio,39.2418,-84.5437
111360,Akron,Ohio,41.0334,-81.4385
127131,Seattle,Washington,47.6733,-122.3426
163034,Chicago,Illinois,41.9033,-87.6336
167360,Saint Louis,Missouri,38.5814,-90.2625
153623,Southeastern Avalon Peninsula (Ferryland),Newfoundland and Labrador,47.2195,-53.1448
119151,New York,New York,40.7262,-73.9796
144078,Los Angeles,California,34.0762,-118.3029
127446,Arlington,Texas,32.6555,-97.1599
122588,Woonsocket,Rhode Island,41.9846,-71.5194
164721,Brentwood,California,37.9324,-121.6894
107993,Springfield,Oregon,44.0611,-123.0153
147606,Houston,Texas,29.9781,-95.5803
141110,Fresno,California,36.7528,-119.7061
124730,Utica,New York,43.0871,-75.2315
147648,San Francisco,California,37.7917,-122.4186
168984,Portland,Oregon,45.4094,-122.8014
167486,Buffalo,New York,42.9335,-78.8115
119032,New York,New York,40.8011,-73.9371
105249,San Francisco,California,37.7593,-122.4836
101560,Columbia,South Carolina,34.0635,-81.0265
159800,San Francisco,California,37.7917,-122.4186
163013,Montgomery,Alabama,32.3129,-86.2421
121167,Freeport,New York,40.6536,-73.5866
120175,Richmond,Indiana,39.8324,-84.8936
121629,Houston,Texas,29.8602,-95.5817
134712,Skokie,Illinois,42.0362,-87.7328
153983,San Francisco,California,37.7593,-122.4836
136280,Philadelphia,Pennsylvania,39.9448,-75.2288
111353,New York,New York,40.7262,-73.9796
148425,Orlando,Florida,28.4871,-81.4082
103590,Mount Vernon,New York,40.9079,-73.838
146843,Avondale,Arizona,33.4321,-112.3438
150798,Columbus,Ohio,40.0839,-82.9726
120474,Madison,Wisconsin,43.0356,-89.4526
161613,Houston,Texas,29.9781,-95.5803
131051,San Francisco,California,37.7593,-122.4836
143210,Lowell,Massachusetts,42.6344,-71.2983
131527,Jacksonville,North Carolina,34.7375,-77.4628
112158,New York,New York,40.8011,-73.9371
154095,Clinton,Maryland,38.7549,-76.9026
117744,Corpus Christi,Texas,27.7262,-97.4078
101147,Chicago,Illinois,41.849,-87.7157
103807,Atlanta,Georgia,33.9335,-84.3958
132864,Columbus,Ohio,40.0839,-82.9726
123664,Halifax Lower Harbour,Nova Scotia,44.6344,-63.5822
117964,Dieppe Moncton East,New Brunswick,46.0967,-64.7087
164861,Saint Louis,Missouri,38.5814,-90.2625
122749,Oklahoma City,Oklahoma,35.5835,-97.5638
127187,New York,New York,40.7864,-73.9764
119508,Vancouver (NE Downtown / Harbour Centre / Gastown / Yaletown),British Columbia,49.2788,-123.1139
150203,Los Angeles,California,34.0818,-118.1753
106376,Gilbert,Arizona,33.3527,-111.7809
133830,Los Angeles,California,33.9631,-118.3941
151162,Columbus,Ohio,40.0839,-82.9726
125542,Philadelphia,Pennsylvania,39.9925,-75.1133
138296,Alexandria,Virginia,38.8149,-77.121
166191,Decatur,Illinois,39.8395,-88.9465
140452,Chicago,Illinois,41.9033,-87.6336
110030,Houston,Texas,29.8941,-95.6481
112872,Springfield,Oregon,44.0611,-123.0153
155390,Memphis,Tennessee,35.0425,-90.0732
106726,Los Angeles,California,34.0116,-118.3411
138737,Los Angeles,California,34.066,-118.474
154592,San Francisco,California,37.7917,-122.4186
159681,Virginia Beach,Virginia,36.7978,-76.1759
101392,Seattle,Washington,47.6733,-122.3426
135608,Olympia,Washington,47.1043,-123.0552
144071,San Francisco,California,37.7509,-122.4153
129364,Salem,Oregon,44.949,-123.004
104773,Houston,Texas,29.8602,-95.5817
169649,Chicago,Illinois,41.8196,-87.6126
138128,Philadelphia,Pennsylvania,39.9925,-75.1133
109932,Brownsville,Texas,25.9221,-97.4612
104976,San Francisco,California,37.7593,-122.4836
101175,Mesa,Arizona,33.3992,-111.7896
112991,Caldwell,Idaho,43.6627,-116.7
148488,New York,New York,40.7262,-73.9796
168494,Fresno,California,36.7528,-119.7061
113320,Oakland,California,37.7806,-122.2166
141607,Concord,California,37.9575,-121.975
122959,San Antonio,Texas,29.4229,-98.526
107573,Miami,Florida,25.8141,-80.3549
124079,Phoenix,Arizona,33.6324,-112.1118
102631,Chicago,Illinois,41.849,-87.7157
129819,Henderson,Kentucky,37.8274,-87.5632
113579,Los Angeles,California,34.066,-118.474
154186,Houston,Texas,29.9781,-95.5803
116568,Deltona,Florida,28.8989,-81.2473
123519,Marion,Ohio,40.5876,-83.1271
148950,Chicago,Illinois,41.9033,-87.6336
130575,Chicago,Illinois,41.849,-87.7157
145541,New York,New York,40.7864,-73.9764
151799,Don Mills South (Flemingdon Park),Ontario,43.7334,-79.3329
129938,Philadelphia,Pennsylvania,40.0118,-75.1456
101602,El Paso,Texas,31.7089,-106.3293
119466,Chicago,Illinois,41.849,-87.7157
116673,La Jolla,California,32.8455,-117.2521
153913,Hialeah,Florida,25.8654,-80.3059
124247,Sacramento,California,38.4797,-121.4438
136399,Los Angeles,California,34.066,-118.474
113257,Beaumont,Texas,30.0211,-94.1157
108273,Huntsville,Texas,30.6448,-95.5798
100706,Springfield,Virginia,38.7449,-77.237
112718,Jacksonville,Florida,30.2787,-81.5831
151379,Detroit,Michigan,42.3883,-83.1937
123925,Columbus,Georgia,32.4779,-84.898
139633,Columbus,Ohio,40.0839,-82.9726
120768,Florence,Alabama,34.8305,-87.656
150574,Jacksonville,Florida,30.2787,-81.5831
162992,Los Angeles,California,34.0116,-118.3411
169446,Chicago,Illinois,41.849,-87.7157
134551,Columbia,Tennessee,35.6156,-87.038
138681,Tucson,Arizona,32.2691,-110.9845
163412,New York,New York,40.8011,-73.9371
160157,Hamilton,Ohio,39.4059,-84.5221
136567,Harrisonburg,Virginia,38.4489,-78.8714
120852,Grand Prairie,Texas,32.7115,-97.0069
156594,Los Angeles,California,34.0116,-118.3411
103100,Indianapolis,Indiana,39.743,-86.1179
109036,Seattle,Washington,47.6733,-122.3426
140816,Denver,Colorado,39.8671,-104.9227
126634,Vancouver (North Hastings-Sunrise),British Columbia,49.2807,-123.0397
154893,Encinitas,California,33.0535,-117.2689
134621,Columbia,Tennessee,35.6156,-87.038
109127,Newark,Delaware,39.7011,-75.7375
133543,San Jose,California,37.2458,-121.8306
142510,Chicago,Illinois,41.849,-87.7157
101364,New York,New York,40.7402,-73.9996
146864,New York,New York,40.7864,-73.9764
154158,Tampa,Florida,28.0091,-82.5034
114517,New York,New York,40.7864,-73.9764
142314,Richmond,Indiana,39.8324,-84.8936
126333,Port Arthur,Texas,29.9212,-93.927
167738,Los Angeles,California,33.9631,-118.3941
138247,Los Angeles,California,33.9631,-118.3941
156314,Cleveland,Ohio,41.4509,-81.619
132913,La Jolla,California,32.8455,-117.2521
113166,Miami,Florida,25.9597,-80.1403
111451,Colorado Springs,Colorado,38.7902,-104.8199
152030,Houston,Texas,29.8602,-95.5817
106264,Encinitas,California,33.0535,-117.2689
139598,Philadelphia,Pennsylvania,39.9925,-75.1133
101427,Philadelphia,Pennsylvania,40.0118,-75.1456
111171,Chicago,Illinois,41.9033,-87.6336
168473,New York,New York,40.7262,-73.9796
163447,New York,New York,40.7402,-73.9996
106334,San Francisco,California,37.7593,-122.4836
162866,Skokie,Illinois,42.0362,-87.7328
159611,Cleveland,Ohio,41.4509,-81.619
166961,Moreno Valley,California,33.9157,-117.2351
165393,Fort Worth,Texas,32.7968,-97.356
148383,Phoenix,Arizona,33.6324,-112.1118
120243,Los Angeles,California,34.0762,-118.3029
153087,Decatur,Alabama,34.5896,-86.9887
141313,Beverly,Massachusetts,42.5608,-70.8759
164259,Philadelphia,Pennsylvania,39.9448,-75.2288
143371,Anaheim,California,33.8186,-117.9729
126802,Chicago,Illinois,41.9033,-87.6336
110786,San Francisco,California,37.7509,-122.4153
118276,Saint Charles,Illinois,41.9194,-88.307
165477,Kent,Ohio,41.1449,-81.3498
102330,Brentwood,California,37.9324,-121.6894
106803,Cottage Grove,Minnesota,44.8308,-92.9393
152345,Albuquerque,New Mexico,35.0448,-106.6893
146626,Southeastern Avalon Peninsula (Ferryland),Newfoundland and Labrador,47.2195,-53.1448
123625,Beauport North,Quebec,46.9263,-71.2258
141531,Beauport North,Quebec,46.9263,-71.2258
115189,Philadelphia,Pennsylvania,39.9448,-75.2288
131800,New York,New York,40.8011,-73.9371
130960,Taylor,Michigan,42.2317,-83.2673
104738,Laredo,Texas,27.5569,-99.4907
169789,Phoenix,Arizona,33.6324,-112.1118
166730,Memphis,Tennessee,35.0425,-90.0732
138072,Philadelphia,Pennsylvania,40.0343,-75.1213
143500,"Kings and Queens counties (Elmira), Montague",Prince Edward Island,46.1668,-62.6487
133592,Providence,Rhode Island,41.8383,-71.4377
150245,Watertown,New York,43.9743,-75.9122
143231,Franklin,Massachusetts,42.0935,-71.4058
111150,Columbia,Missouri,38.9348,-92.3639
127383,El Paso,Texas,31.7089,-106.3293
157644,New York,New York,40.8011,-73.9371
133949,Reno,Nevada,39.4972,-119.7764
146262,Medina,Ohio,41.1404,-81.8584
104514,Newark,Delaware,39.7011,-75.7375
141243,Dallas,Texas,32.7244,-96.6755
121097,Baytown,Texas,29.7461,-94.9653
104241,Alexandria,Virginia,38.8149,-77.121
149811,Saint Paul,Minnesota,44.9197,-92.9439
154970,Seattle,Washington,47.6733,-122.3426
158701,San Francisco,California,37.7509,-122.4153
108588,New York,New York,40.7262,-73.9796
149636,Colorado Springs,Colorado,38.7902,-104.8199
119480,Henderson,Kentucky,37.8274,-87.5632
157154,New York,New York,40.7402,-73.9996
128608,Toledo,Ohio,41.6492,-83.6706
156755,Newark,Delaware,39.7011,-75.7375
137526,Los Angeles,California,34.0762,-118.3029
169677,Columbus,Georgia,32.4779,-84.898
101399,Park Ridge,Illinois,42.0122,-87.8417
152681,Lawrence,Massachusetts,42.7115,-71.167
151547,Memphis,Tennessee,35.1845,-89.8574
152681,Pointe-Aux-Trembles,Quebec,45.6753,-73.5016
141250,Texas City,Texas,29.397,-94.9203
119214,Bozeman,Montana,45.6693,-111.0431
128958,West Palm Beach,Florida,26.7492,-80.0725
109603,Moreno Valley,California,33.9157,-117.2351
168746,Cleveland,Ohio,41.4509,-81.619
164777,Los Angeles,California,34.0699,-118.3492
116638,Concord,North Carolina,35.4141,-80.6162
121797,Los Angeles,California,34.066,-118.474
145401,Houston,Texas,29.9781,-95.5803
149587,Minneapolis,Minnesota,44.9378,-93.2545
127327,Rome,New York,43.2193,-75.4498
140921,Omaha,Nebraska,41.2919,-95.9999
157959,Los Angeles,California,34.0116,-118.3411
132633,Pleasant Grove,Utah,40.372,-111.7333
103093,Columbus,Georgia,32.4779,-84.898
156482,Wilmington,Delaware,39.7434,-75.5827
111507,Bellevue,Washington,47.5614,-122.1552
137064,Houston,Texas,29.9781,-95.5803
104038,Suffolk,Virginia,36.7304,-76.5931
147529,Springfield,Virginia,38.7449,-77.237
130491,Garden City,Kansas,37.9769,-100.8621
114923,Columbus,Ohio,40.0839,-82.9726
146038,Los Angeles,California,34.066,-118.474
135391,San Antonio,Texas,29.4229,-98.526
101007,Dallas,Texas,32.8681,-96.8622
153374,Decatur,Illinois,39.8395,-88.9465
101126,Philadelphia,Pennsylvania,39.9448,-75.2288
147662,Akron,Ohio,41.0334,-81.4385
116876,Rochester,New York,43.174,-77.5637
116092,Los Angeles,California,34.0762,-118.3029
154326,Kenosha,Wisconsin,42.556,-87.8705
121776,Los Angeles,California,34.0116,-118.3411
156923,Dover,New Hampshire,43.1888,-70.8868
105725,Long Beach,California,33.8635,-118.1801
111234,Los Angeles,California,34.0762,-118.3029
152611,Perth Amboy,New Jersey,40.5176,-74.2754
169740,Hot Springs National Park,Arkansas,34.5268,-92.9587
162782,Columbia,Maryland,39.2141,-76.8788
129770,Las Cruces,New Mexico,32.2901,-106.7539
132374,Sterling Heights,Michigan,42.5648,-83.0701
132276,New York,New York,40.7864,-73.9764
154900,Leominster,Massachusetts,42.5274,-71.7563
104129,Providence,Rhode Island,41.8383,-71.4377
111325,Altoona,Pennsylvania,40.5052,-78.3905
138485,Seattle,Washington,47.6633,-122.3022
145436,Columbia,Tennessee,35.6156,-87.038
133585,Houston,Texas,29.9781,-95.5803
102316,Los Angeles,California,33.9631,-118.3941
133494,Philadelphia,Pennsylvania,40.0343,-75.1213
153325,Macon,Georgia,32.8424,-83.6766
104052,Coppell,Texas,32.9673,-96.9805
110457,Seattle,Washington,47.6733,-122.3426
105970,Richmond,Indiana,39.8324,-84.8936
109512,New York,New York,40.7402,-73.9996
125185,Bethlehem,Pennsylvania,40.6278,-75.3928
140221,Chicago,Illinois,41.8196,-87.6126
153108,New Castle,Indiana,39.9208,-85.3663
109001,Philadelphia,Pennsylvania,40.0343,-75.1213
151785,Chicago,Illinois,41.849,-87.7157
120320,Houston,Texas,29.6984,-95.5405
142944,San Francisco,California,37.7593,-122.4836
146255,Newark,Delaware,39.7011,-75.7375
105627,Kenosha,Wisconsin,42.556,-87.8705
107741,Pueblo,Colorado,38.2879,-104.5848
132136,Chicago,Illinois,41.849,-87.7157
160213,Long Beach,New York,40.5877,-73.6595
110345,Raleigh,North Carolina,35.8334,-78.5799
123155,San Antonio,Texas,29.4229,-98.526
146829,Houston,Texas,29.8602,-95.5817
118906,Clinton,Maryland,38.7549,-76.9026
128083,Fort Lauderdale,Florida,26.1122,-80.2264
148705,Charlotte,North Carolina,35.22,-80.7881
114237,Seattle,Washington,47.6733,-122.3426
139675,Chico,California,39.7224,-121.8113
163587,Dover,New Hampshire,43.1888,-70.8868
167479,Roseville,California,38.7346,-121.234
155124,Lehi,Utah,40.3958,-111.8506
144722,Los Angeles,California,34.0699,-118.3492
112116,Seattle,Washington,47.6733,-122.3426
145352,Atlanta,Georgia,33.7865,-84.4454
150231,New York,New York,40.7262,-73.9796
134257,Auburn,Alabama,32.5475,-85.4682
153906,New York,New York,40.7262,-73.9796
110632,New York,New York,40.7262,-73.9796
168088,Houston,Texas,29.8602,-95.5817
113110,San Bernardino,California,34.1426,-117.2606
149993,Lancaster,California,34.6909,-118.1491
143532,Miami,Florida,25.8934,-80.1758
163104,Los Angeles,California,34.0762,-118.3029
111829,Seattle,Washington,47.6849,-122.2968
132101,Seattle,Washington,47.6633,-122.3022
127607,Carrollton,Texas,33.0033,-96.882
159534,New York,New York,40.8011,-73.9371
106565,Milwaukee,Wisconsin,43.1188,-87.9478
165813,Salem,Oregon,44.949,-123.004
120621,Jacksonville,North Carolina,34.7375,-77.4628
150547,Pointe-Aux-Trembles,Quebec,45.6753,-73.5016
163279,La Jolla,California,32.8455,-117.2521
121552,Huntsville,Alabama,34.7784,-86.6091
157812,Houston,Texas,29.8602,-95.5817
117884,Fort Lauderdale,Florida,26.1122,-80.2264
163440,Thousand Oaks,California,34.2092,-118.8739
125374,Houston,Texas,29.8941,-95.6481
130218,Florence,South Carolina,34.1838,-79.7728
138219,Los Angeles,California,34.066,-118.474
107944,Los Angeles,California,34.0116,-118.3411
118423,Peoria,Illinois,40.7111,-89.6324
145457,Kent,Washington,47.368,-122.1206
112508,Pompano Beach,Florida,26.2729,-80.2603
164301,Seattle,Washington,47.6733,-122.3426
116981,New York,New York,40.7262,-73.9796
103793,Miami,Florida,25.813,-80.232
167374,Philadelphia,Pennsylvania,40.0118,-75.1456
132948,Seattle,Washington,47.6849,-122.2968
133536,New York,New York,40.7262,-73.9796
135363,Philadelphia,Pennsylvania,40.0343,-75.1213
131534,Los Angeles,California,34.0699,-118.3492
153549,Jacksonville,Florida,30.2787,-81.5831
103996,San Diego,California,32.7423,-117.0947
121272,Seattle,Washington,47.6733,-122.3426
150749,Springfield,Virginia,38.7449,-77.237
105361,New York,New York,40.7864,-73.9764
104871,Normal,Illinois,40.5124,-88.9883
121405,Chicago,Illinois,41.9033,-87.6336
128125,Houston,Texas,29.8941,-95.6481
137106,Jacksonville,Florida,30.2787,-81.5831
122140,Dallas,Texas,32.8681,-96.8622
136378,Houston,Texas,29.9781,-95.5803
159513,Los Angeles,California,34.066,-118.474
142811,Mesa,Arizona,33.3992,-111.7896
110667,New York,New York,40.7262,-73.9796
112452,Lansing,Michigan,42.6797,-84.5772
167010,Philadelphia,Pennsylvania,39.9448,-75.2288
161452,Los Angeles,California,34.0699,-118.3492
102855,Spokane,Washington,47.6977,-117.3746
136476,Bristol,Tennessee,36.5686,-82.1819
119942,Philadelphia,Pennsylvania,40.0343,-75.1213
124541,Houston,Texas,29.8602,-95.5817
100888,Jacksonville,North Carolina,34.7375,-77.4628
140025,San Antonio,Texas,29.4229,-98.526
130554,Philadelphia,Pennsylvania,40.0118,-75.1456
166492,New York,New York,40.8011,-73.9371
142027,Long Beach,California,33.8635,-118.1801
101000,Norwich,Connecticut,41.5371,-72.0849
116512,New York,New York,40.7864,-73.9764
134201,Rochester,New York,43.174,-77.5637
168767,Sacramento,California,38.4797,-121.4438
125563,Tampa,Florida,28.0091,-82.5034
111164,New York,New York,40.7262,-73.9796
136987,Los Angeles,California,34.0762,-118.3029
145415,Seattle,Washington,47.6733,-122.3426
120502,Los Angeles,California,34.0699,-118.3492
168704,Huntsville,Texas,30.6448,-95.5798
106257,Los Angeles,California,33.9631,-118.3941
133452,Pomona,California,34.0812,-117.7362
120551,Norfolk,Nebraska,42.0329,-97.4229
100216,Mesa,Arizona,33.3992,-111.7896
133837,Glendale,Arizona,33.5311,-112.1767
149678,Farmington,New Mexico,36.7412,-108.1797
116841,Springfield,Oregon,44.0611,-123.0153
137974,Waynesboro,Virginia,38.0774,-78.9035
142734,New York,New York,40.7864,-73.9764
161263,Toledo,Ohio,41.6492,-83.6706
106215,Philadelphia,Pennsylvania,39.9448,-75.2288
146675,Evanston,Illinois,42.0546,-87.6943
155306,San Francisco,California,37.7593,-122.4836
148712,New York,New York,40.8011,-73.9371
163433,Mcallen,Texas,26.2154,-98.2359
115742,New Albany,Indiana,38.3089,-85.8221
134271,New York,New York,40.7864,-73.9764
142601,Los Angeles,California,34.0762,-118.3029
113593,Santa Maria,California,34.9545,-120.4325
102722,Monroe,Louisiana,32.553,-92.0422
155369,Carrollton,Texas,33.0033,-96.882
149342,Columbus,Georgia,32.4779,-84.898
109169,Detroit,Michigan,42.4337,-83.0434
142433,Houston,Texas,29.6984,-95.5405
107678,Louisville,Kentucky,38.1593,-85.778
151253,Los Angeles,California,34.0116,-118.3411
118227,New York,New York,40.7262,-73.9796
130365,Aurora,Illinois,41.7582,-88.2971
153878,Milwaukee,Wisconsin,43.1188,-87.9478
112557,New York,New York,40.8011,-73.9371
143602,Los Angeles,California,33.9631,-118.3941
115420,Los Angeles,California,34.0762,-118.3029
134026,Memphis,Tennessee,35.0425,-90.0732
137302,San Diego,California,32.7423,-117.0947
114839,Houston,Texas,29.6984,-95.5405
122266,Daytona Beach,Florida,29.2012,-81.0371
124450,Washington,District of Columbia,38.9381,-77.086
151841,Aurora,Colorado,39.6575,-104.7846
130792,Houston,Texas,29.8941,-95.6481
120782,Midland,Michigan,43.6376,-84.268
157434,Philadelphia,Pennsylvania,40.0343,-75.1213
164175,Chicago,Illinois,41.9033,-87.6336
115238,Lawrence,Massachusetts,42.7115,-71.167
103716,San Francisco,California,37.7509,-122.4153
135174,Troy,Ohio,40.0374,-84.2032
161998,Tampa,Florida,28.0091,-82.5034
104486,San Francisco,California,37.7917,-122.4186
145821,Los Angeles,California,34.0116,-118.3411
116687,Houston,Texas,29.8941,-95.6481
112130,Philadelphia,Pennsylvania,40.0118,-75.1456
107937,Chula Vista,California,32.6084,-117.0565
150770,San Francisco,California,37.7917,-122.4186
160864,San Jose,California,37.2458,-121.8306
129700,Tinley Park,Illinois,41.5825,-87.805
144253,New York,New York,40.7864,-73.9764
146290,Indianapolis,Indiana,39.743,-86.1179
110548,Houston,Texas,29.8941,-95.6481
137512,Allen,Texas,33.0934,-96.6454
147879,Owensboro,Kentucky,37.7513,-87.1554
132548,Don Mills South (Flemingdon Park),Ontario,43.7334,-79.3329
160857,New York,New York,40.7864,-73.9764
136798,Minneapolis,Minnesota,44.9378,-93.2545
113971,Cuyahoga Falls,Ohio,41.1401,-81.479
109939,Salem,Oregon,44.949,-123.004
142055,New York,New York,40.7262,-73.9796
155635,Louisville,Kentucky,38.1593,-85.778
129217,Aurora,Illinois,41.7582,-88.2971
144043,Louisville,Colorado,39.9789,-105.1456
135727,Phoenix,Arizona,33.6324,-112.1118
131856,Houston,Texas,29.8602,-95.5817
162607,Seattle,Washington,47.6849,-122.2968
159380,San Francisco,California,37.7593,-122.4836
130876,New York,New York,40.7864,-73.9764
122910,Louisville,Colorado,39.9789,-105.1456
145835,Chicago,Illinois,41.849,-87.7157
100146,Camarillo,California,34.2313,-119.0464
119291,Chester,Pennsylvania,39.8498,-75.3747
165162,Los Angeles,California,34.0818,-118.1753
166604,Roswell,Georgia,34.0213,-84.3104
138492,Philadelphia,Pennsylvania,40.0118,-75.1456
100769,Jacksonville,Florida,30.2787,-81.5831
117184,Houston,Texas,29.8941,-95.6481
100251,Long Beach,New York,40.5877,-73.6595
165554,Los Angeles,California,34.0762,-118.3029
153535,Wilson,North Carolina,35.727,-77.9227
168914,Frankfort,Illinois,41.5094,-87.8248
102806,Philadelphia,Pennsylvania,39.9448,-75.2288
169278,Seattle,Washington,47.6633,-122.3022
149846,Los Angeles,California,33.9631,-118.3941
136805,Detroit,Michigan,42.4337,-83.0434
110569,Phoenix,Arizona,33.6324,-112.1118
154921,Columbia,South Carolina,34.0635,-81.0265
119102,Woonsocket,Rhode Island,41.9846,-71.5194
165512,Naperville,Illinois,41.7662,-88.141
141768,San Francisco,California,37.7917,-122.4186
138898,Pueblo,Colorado,38.2879,-104.5848
152128,Wichita,Kansas,37.7007,-97.4383
132941,Haltom City,Texas,32.8087,-97.2709
109708,Columbia,Tennessee,35.6156,-87.038
143147,San Antonio,Texas,29.4229,-98.526
148964,Bellevue,Washington,47.5614,-122.1552
113327,Jacksonville,North Carolina,34.7375,-77.4628
131758,Freeport,New York,40.6536,-73.5866
118948,Seattle,Washington,47.6633,-122.3022
135020,Rochester,New York,43.174,-77.5637
149601,Manchester,Connecticut,41.7777,-72.5244
111339,Columbus,Ohio,40.0839,-82.9726
120880,Seattle,Washington,47.6633,-122.3022
168277,Indianapolis,Indiana,39.743,-86.1179
104297,Cleveland,Ohio,41.4509,-81.619
103177,New York,New York,40.7262,-73.9796
163923,Springfield,Virginia,38.7449,-77.237
147788,Orem,Utah,40.3134,-111.6953
120677,Minneapolis,Minnesota,44.9378,-93.2545
149748,Paterson,New Jersey,40.9143,-74.1671
133627,Norwich,Connecticut,41.5371,-72.0849
100818,Chicago,Illinois,41.8196,-87.6126
136224,Fayetteville,North Carolina,35.0583,-79.008
156153,Long Beach,New York,40.5877,-73.6595
124919,San Jose,California,37.2458,-121.8306
163685,San Antonio,Texas,29.4229,-98.526
132836,Detroit,Michigan,42.3883,-83.1937
161242,Los Angeles,California,33.9631,-118.3941
142020,New York,New York,40.7864,-73.9764
164833,Seattle,Washington,47.6633,-122.3022
158491,Los Angeles,California,34.0116,-118.3411
166947,Buffalo,New York,42.9335,-78.8115
115168,Saint Charles,Missouri,38.8014,-90.5065
157343,Philadelphia,Pennsylvania,39.9448,-75.2288
142041,Los Angeles,California,34.0699,-118.3492
162201,Saint Petersburg,Florida,27.7898,-82.7243
164007,Chicago,Illinois,41.9033,-87.6336
141012,Pocatello,Idaho,42.8876,-112.4381
110947,Hampton,Virginia,37.0462,-76.4096
101868,Miami,Florida,25.8141,-80.3549
144190,Royal Oak,Michigan,42.519,-83.157
121720,Lakeland,Florida,28.0381,-81.9392
123960,Monroe,Louisiana,32.553,-92.0422
139850,Philadelphia,Pennsylvania,39.9925,-75.1133
131779,Newark,Delaware,39.7011,-75.7375
136105,Columbus,Indiana,39.2055,-85.9317
104115,West Palm Beach,Florida,26.7492,-80.0725
104059,Springfield,Ohio,39.9528,-83.7804
104941,Decatur,Alabama,34.5896,-86.9887
155054,Lewiston,Maine,44.0985,-70.1916
127418,Los Angeles,California,34.0762,-118.3029
137281,Roswell,Georgia,34.0213,-84.3104
120439,Philadelphia,Pennsylvania,40.0343,-75.1213
129896,Gilbert,Arizona,33.3527,-111.7809
106495,Tampa,Florida,28.0091,-82.5034
164567,Los Angeles,California,34.0762,-118.3029
118955,Grand Prairie,Texas,32.7115,-97.0069
163825,New York,New York,40.7262,-73.9796
167269,Philadelphia,Pennsylvania,39.9925,-75.1133
156734,Smyrna,Tennessee,35.9656,-86.5048
133242,Arlington,Virginia,38.859,-77.0997
122287,Peoria,Arizona,33.5761,-112.2344
154200,San Diego,California,32.7423,-117.0947
147011,Miami,Florida,25.8141,-80.3549
121965,Los Angeles,California,34.0818,-118.1753
144302,Richardson,Texas,32.9462,-96.7058
111864,Philadelphia,Pennsylvania,39.9925,-75.1133
163734,Houston,Texas,29.9781,-95.5803
140144,San Francisco,California,37.7593,-122.4836
158351,Philadelphia,Pennsylvania,39.9925,-75.1133
136427,Aurora,Colorado,39.6575,-104.7846
123330,Deltona,Florida,28.8989,-81.2473
124975,Aurora,Illinois,41.7582,-88.2971
153423,Rochester,New York,43.174,-77.5637
128167,Layton,Utah,41.0879,-111.9704
106187,Atlanta,Georgia,33.6919,-84.448
139164,Long Beach,California,33.8635,-118.1801
122826,Olympia,Washington,47.1043,-123.0552
137750,San Francisco,California,37.7509,-122.4153
119690,Houston,Texas,29.8602,-95.5817
115945,Los Angeles,California,33.9631,-118.3941
127110,Philadelphia,Pennsylvania,39.9448,-75.2288
115938,Richmond,Virginia,37.5477,-77.3948
143882,Lakewood,Ohio,41.4847,-81.8018
125395,Taylor,Michigan,42.2317,-83.2673
166583,Houston,Texas,29.9781,-95.5803
162950,Troy,Ohio,40.0374,-84.2032
112144,Gilbert,Arizona,33.3527,-111.7809
103772,Smyrna,Georgia,33.8796,-84.5023
165799,New York,New York,40.7864,-73.9764
128860,Lancaster,Pennsylvania,40.0335,-76.2844
141684,New York,New York,40.7402,-73.9996
100069,Omaha,Nebraska,41.2919,-95.9999
157322,Carol Stream,Illinois,41.9178,-88.137
140718,Raleigh,North Carolina,35.8334,-78.5799
120397,Houston,Texas,29.9781,-95.5803
111703,Hollywood,Florida,26.0218,-80.1891
150196,New York,New York,40.7864,-73.9764
128139,Richmond,Kentucky,37.7546,-84.2955
153500,Philadelphia,Pennsylvania,39.9925,-75.1133
124268,New York,New York,40.8011,-73.9371
152513,Encinitas,California,33.0535,-117.2689
154956,Milwaukee,Wisconsin,43.1188,-87.9478
116750,Fayetteville,North Carolina,35.0583,-79.008
158911,Charlotte,North Carolina,35.22,-80.7881
130610,Sterling Heights,Michigan,42.5648,-83.0701
164336,Philadelphia,Pennsylvania,40.0118,-75.1456
146087,Holyoke,Massachusetts,42.202,-72.6262
161627,Pasadena,California,34.1678,-118.1261
108665,New York,New York,40.7402,-73.9996
116260,Vineland,New Jersey,39.4818,-75.0091
129392,Houston,Texas,29.9781,-95.5803
132626,Clinton,Maryland,38.7549,-76.9026
123456,Dallas,Texas,32.8681,-96.8622
153626,Nashville,Tennessee,36.0725,-86.724
111094,Franklin,Massachusetts,42.0935,-71.4058
135314,Philadelphia,Pennsylvania,40.0343,-75.1213
149384,Tempe,Arizona,33.4227,-111.9261
107020,San Bernardino,California,34.1426,-117.2606
142237,Philadelphia,Pennsylvania,39.9925,-75.1133
136469,Wilmington,Delaware,39.7434,-75.5827
142419,Seattle,Washington,47.6849,-122.2968
126557,Chicago,Illinois,41.9033,-87.6336
112711,Amarillo,Texas,35.1663,-101.8868
114069,New York,New York,40.8011,-73.9371
107349,Houston,Texas,29.8941,-95.6481
140851,Macon,Georgia,32.8424,-83.6766
143364,Mesa,Arizona,33.3992,-111.7896
113404,San Francisco,California,37.7593,-122.4836
146948,Baltimore,Maryland,39.3446,-76.6794
166520,New York,New York,40.8011,-73.9371
138534,Bakersfield,California,35.3384,-119.0627
149629,Port Saint Lucie,Florida,27.2889,-80.298
121132,Houston,Texas,29.8602,-95.5817
122973,New York,New York,40.7864,-73.9764
159590,New York,New York,40.7262,-73.9796
111206,San Diego,California,32.7423,-117.0947
160150,Phoenix,Arizona,33.6324,-112.1118
122784,Highland Park,Illinois,42.1794,-87.8059
160472,South Bend,Indiana,41.6255,-86.2433
120810,New York,New York,40.7262,-73.9796
124044,Rochester,New York,43.174,-77.5637
103135,Louisville,Kentucky,38.1593,-85.778
148635,Seattle,Washington,47.6849,-122.2968
154291,Montgomery,Alabama,32.3129,-86.2421
150161,Philadelphia,Pennsylvania,39.9448,-75.2288
139248,Los Angeles,California,34.0818,-118.1753
127754,Glendale,Arizona,33.5311,-112.1767
140200,Mesa,Arizona,33.3992,-111.7896
148180,Oxnard,California,34.2141,-119.175
136735,San Francisco,California,37.7509,-122.4153
143700,Philadelphia,Pennsylvania,40.0118,-75.1456
129553,Louisville,Kentucky,38.1593,-85.778
164966,Lakeville,Minnesota,44.6749,-93.2578
155334,San Francisco,California,37.7917,-122.4186
132507,Houston,Texas,29.8602,-95.5817
124891,New York,New York,40.7864,-73.9764
111017,Saint Louis,Missouri,38.5814,-90.2625
164427,Hattiesburg,Mississippi,31.3146,-89.3065
153388,Los Angeles,California,34.0762,-118.3029
122406,Providence,Rhode Island,41.8383,-71.4377
112767,Springfield,Oregon,44.0611,-123.0153
147501,Seattle,Washington,47.6633,-122.3022
112214,Dallas,Texas,32.8681,-96.8622
135251,Houston,Texas,29.8941,-95.6481
160794,Houston,Texas,29.8602,-95.5817
124219,Saint Louis,Missouri,38.5781,-90.4256
117492,Baltimore,Maryland,39.3446,-76.6794
138331,Philadelphia,Pennsylvania,40.0343,-75.1213
141936,Bakersfield,California,35.3384,-119.0627
163895,Boise,Idaho,43.633,-116.2951
163237,Springfield,Virginia,38.7449,-77.237
168564,San Francisco,California,37.7917,-122.4186
129322,Lawrence,Massachusetts,42.7115,-71.167
127544,Utica,New York,43.0871,-75.2315
103954,Milwaukee,Wisconsin,43.1188,-87.9478
128013,New York,New York,40.8011,-73.9371
131338,New York,New York,40.7864,-73.9764
163055,Detroit,Michigan,42.3883,-83.1937
155453,Jacksonville,Florida,30.2787,-81.5831
156496,Redmond,Oregon,44.2767,-121.1896
130022,Saint Paul,Minnesota,44.786,-93.2202
121699,Detroit,Michigan,42.3883,-83.1937
119634,Raleigh,North Carolina,35.8334,-78.5799
156797,New York,New York,40.8011,-73.9371
148495,Pomona,California,34.0812,-117.7362
133396,Greensboro,North Carolina,36.1214,-79.7733
112014,Yucaipa,California,34.0282,-117.0489
150441,Richmond,Indiana,39.8324,-84.8936
120516,Marietta,Georgia,34.0025,-84.4633
169656,Philadelphia,Pennsylvania,39.9448,-75.2288
142454,Oakland,California,37.7806,-122.2166
162369,Los Angeles,California,33.9631,-118.3941
164238,Philadelphia,Pennsylvania,40.0343,-75.1213
126753,Philadelphia,Pennsylvania,39.9925,-75.1133
128090,Phoenix,Arizona,33.6324,-112.1118
119627,Peoria,Arizona,33.5761,-112.2344
111297,New Bedford,Massachusetts,41.6347,-70.9372
130456,San Francisco,California,37.7593,-122.4836
144267,San Francisco,California,37.7509,-122.4153
154823,Springfield,Ohio,39.9528,-83.7804
122168,Florence,Kentucky,38.9941,-84.642
130512,Allentown,Pennsylvania,40.5891,-75.4645
129854,New York,New York,40.7262,-73.9796
132080,New York,New York,40.8011,-73.9371
114468,Bolingbrook,Illinois,41.6976,-88.0873
165624,Atlanta,Georgia,33.7865,-84.4454
113740,New York,New York,40.8011,-73.9371
139584,New York,New York,40.7262,-73.9796
146563,Arlington,Texas,32.6555,-97.1599
169299,Portland,Oregon,45.484,-122.5973
123939,Bowling Green,Ohio,41.3815,-83.6507
102491,Florence,Kentucky,38.9941,-84.642
139759,Los Angeles,California,33.9631,-118.3941
168809,Houston,Texas,29.8602,-95.5817
113040,Los Angeles,California,33.9631,-118.3941
101707,San Diego,California,32.7423,-117.0947
126445,Murrieta,California,33.569,-117.1783
121188,Los Angeles,California,34.066,-118.474
166219,Richardson,Texas,32.9462,-96.7058
107902,Fairfield,Connecticut,41.1692,-73.2681
100377,Chicago,Illinois,41.849,-87.7157
108532,Detroit,Michigan,42.4337,-83.0434
111514,San Francisco,California,37.7593,-122.4836
112319,Los Angeles,California,34.0762,-118.3029
142139,Bedford,Texas,32.8536,-97.1358
157805,La Jolla,California,32.8455,-117.2521
104626,Franklin,Massachusetts,42.0935,-71.4058
137946,Los Angeles,California,33.9631,-118.3941
146745,San Francisco,California,37.7509,-122.4153
113215,Tucson,Arizona,32.2691,-110.9845
121608,Bristol,Connecticut,41.6823,-72.9302
149734,Durham,North Carolina,35.9631,-78.9315
138303,Philadelphia,Pennsylvania,39.9925,-75.1133
169537,Holland,Michigan,42.7692,-86.1164
130204,San Francisco,California,37.7593,-122.4836
104185,New York,New York,40.7262,-73.9796
101924,Medford,Oregon,42.3363,-122.8398
113523,Philadelphia,Pennsylvania,40.0118,-75.1456
142755,Roswell,Georgia,34.0213,-84.3104
159863,Houston,Texas,29.8941,-95.6481
130785,San Diego,California,32.7423,-117.0947
135510,Charlottesville,Virginia,38.0936,-78.5611
105158,Rochester,Minnesota,44.0496,-92.4896
162621,Houston,Texas,29.6984,-95.5405
150791,New York,New York,40.7864,-73.9764
138002,Seattle,Washington,47.6733,-122.3426
151435,Lafayette,Louisiana,30.2077,-92.0656
109015,New York,New York,40.7402,-73.9996
169572,Richmond,Virginia,37.5477,-77.3948
133977,Fort Lauderdale,Florida,26.1848,-80.2406
160696,Nashville,Tennessee,36.0725,-86.724
143238,La Quinta,California,33.6685,-116.3081
122623,El Paso,Texas,31.7089,-106.3293
164084,New York,New York,40.7402,-73.9996
105599,New York,New York,40.7402,-73.9996
161445,Durham,North Carolina,35.9631,-78.9315
102876,Philadelphia,Pennsylvania,39.9925,-75.1133
110744,Pasadena,California,34.1678,-118.1261
140557,New York,New York,40.7262,-73.9796
151624,Montgomery,Alabama,32.3129,-86.2421
162166,Moreno Valley,California,33.9157,-117.2351
153071,Pointe-Aux-Trembles,Quebec,45.6753,-73.5016
147242,Revere,Massachusetts,42.4138,-71.0052
139374,Austin,Texas,30.2063,-97.7956
108672,Los Angeles,California,34.0818,-118.1753
136658,New York,New York,40.7864,-73.9764
168186,Tulsa,Oklahoma,36.0467,-95.8841
117772,Seattle,Washington,47.6733,-122.3426
132906,Los Angeles,California,34.0762,-118.3029
126186,Aurora,Colorado,39.6575,-104.7846
132465,New York,New York,40.8011,-73.9371
125934,Paterson,New Jersey,40.9143,-74.1671
153794,Encinitas,California,33.0535,-117.2689
165057,Redlands,California,34.065,-117.1672
102016,Auburn,New York,42.93,-76.5626
166464,New York,New York,40.8011,-73.9371
128993,Seattle,Washington,47.6733,-122.3426
115567,Columbus,Indiana,39.2055,-85.9317
129007,Anaheim,California,33.8186,-117.9729
136728,Chicago,Illinois,41.849,-87.7157
118843,Atlanta,Georgia,33.7865,-84.4454
138457,Jacksonville,North Carolina,34.7375,-77.4628
161347,Philadelphia,Pennsylvania,40.0343,-75.1213
131597,Los Angeles,California,33.9631,-118.3941
120362,Provo,Utah,40.2607,-111.6549
140984,New York,New York,40.7402,-73.9996
115924,Des Moines,Iowa,41.5444,-93.6192
128027,Charleston,South Carolina,32.9352,-80.0325
105102,New York,New York,40.8011,-73.9371
102582,Mobile,Alabama,30.6817,-88.2945
130519,Pompano Beach,Florida,26.2729,-80.2603
145849,Indianapolis,Indiana,39.743,-86.1179
100734,Philadelphia,Pennsylvania,39.9448,-75.2288
167696,Newport News,Virginia,37.1132,-76.5179
126977,New York,New York,40.8011,-73.9371
150630,Philadelphia,Pennsylvania,40.0118,-75.1456
143077,Houston,Texas,29.8602,-95.5817
138919,New York,New York,40.8011,-73.9371
138716,Seattle,Washington,47.6633,-122.3022
133025,Los Angeles,California,34.0699,-118.3492
141145,Orlando,Florida,28.4871,-81.4082
167745,Los Angeles,California,34.066,-118.474
109575,Clinton,Maryland,38.7549,-76.9026
149713,Long Beach,California,33.8635,-118.1801
150511,Seattle,Washington,47.3929,-122.3129
101154,San Diego,California,32.7423,-117.0947
142202,Jacksonville,Florida,30.2787,-81.5831
115847,Arlington,Virginia,38.859,-77.0997
149517,Sacramento,California,38.4797,-121.4438
137603,Santa Fe,New Mexico,35.6219,-105.8688
132815,Los Angeles,California,34.0116,-118.3411
147102,Columbus,Georgia,32.4779,-84.898
135489,New York,New York,40.7864,-73.9764
126970,Naperville,Illinois,41.7662,-88.141
141565,Nashville,Tennessee,36.0725,-86.724
153738,Lawrence,Massachusetts,42.7115,-71.167
156013,Long Beach,New York,40.5877,-73.6595
151470,Las Vegas,Nevada,36.2158,-115.0671
168480,Lincoln Park,Michigan,42.2422,-83.1807
158421,Columbia,South Carolina,34.0635,-81.0265
117800,Everett,Massachusetts,42.4112,-71.0514
149972,Los Angeles,California,34.0699,-118.3492
126697,Houston,Texas,29.8602,-95.5817
127593,Quincy,Massachusetts,42.2491,-70.9978
102036,Seattle,Washington,47.6633,-122.3022
134992,Arlington,Virginia,38.859,-77.0997
112571,Oceanside,California,33.2072,-117.3573
168760,Los Angeles,California,34.066,-118.474
102260,Franklin,Tennessee,35.9328,-86.8788
115343,Philadelphia,Pennsylvania,39.9448,-75.2288
153381,Dubuque,Iowa,42.515,-90.6819
143119,Lafayette,Louisiana,30.2077,-92.0656
103835,Los Angeles,California,34.0818,-118.1753
161466,Philadelphia,Pennsylvania,40.0343,-75.1213
106873,Avondale,Arizona,33.4321,-112.3438
113131,Columbus,Ohio,40.0839,-82.9726
161830,Seattle,Washington,47.6633,-122.3022
105508,New York,New York,40.8011,-73.9371
147816,Tucson,Arizona,32.2691,-110.9845
164308,Broken Arrow,Oklahoma,36.0447,-95.8079
151869,Freeport,New York,40.6536,-73.5866
149083,Seattle,Washington,47.6733,-122.3426
106320,Orem,Utah,40.3134,-111.6953
139738,Rockford,Illinois,42.2786,-89.0361
156510,Meriden,Connecticut,41.5334,-72.7997
120845,Murfreesboro,Tennessee,35.8456,-86.3903
159779,Concord,New Hampshire,43.2185,-71.5277
156335,Bayonne,New Jersey,40.6664,-74.1192
160787,Philadelphia,Pennsylvania,39.9448,-75.2288
100573,Los Angeles,California,34.0762,-118.3029
103933,New York,New York,40.7402,-73.9996
124800,Mesa,Arizona,33.3992,-111.7896
127173,Oceanside,New York,40.6362,-73.6375
120341,Philadelphia,Pennsylvania,39.9448,-75.2288
161991,Houston,Texas,29.9781,-95.5803
122371,La Jolla,California,32.8455,-117.2521
130883,Portland,Oregon,45.484,-122.5973
111458,New York,New York,40.8011,-73.9371
100531,Chicago,Illinois,41.9033,-87.6336
103072,Detroit,Michigan,42.4313,-82.9813
143616,Seattle,Washington,47.6733,-122.3426
125976,Arlington,Virginia,38.859,-77.0997
167255,San Francisco,California,37.7509,-122.4153
169201,San Francisco,California,37.7509,-122.4153
129546,Los Angeles,California,34.0818,-118.1753
120915,New York,New York,40.8011,-73.9371
106978,Aurora,Colorado,39.6575,-104.7846
115392,Cambridge,Massachusetts,42.377,-71.1256
148873,Quincy,Illinois,39.9307,-91.3763
166135,Aurora,Colorado,39.6575,-104.7846
156566,Portland,Oregon,45.484,-122.5973
144771,Hillsboro,Oregon,45.4984,-122.957
140375,Rockville,Maryland,39.0496,-77.1204
145121,Middletown,Connecticut,41.5569,-72.6652
125696,Wilson,North Carolina,35.727,-77.9227
129917,Los Angeles,California,34.0116,-118.3411
104493,San Diego,California,32.7423,-117.0947
137008,Lakewood,New Jersey,40.085,-74.2042
119312,Los Angeles,California,33.9631,-118.3941
128356,Denver,Colorado,39.8671,-104.9227
157014,Columbus,Ohio,40.0839,-82.9726
126137,Los Angeles,California,34.0818,-118.1753
125178,Reading,Pennsylvania,40.3466,-75.9351
168004,Warner Robins,Georgia,32.5934,-83.6416
134859,Philadelphia,Pennsylvania,39.9925,-75.1133
121391,San Francisco,California,37.7917,-122.4186
133445,Portland,Oregon,45.484,-122.5973
115091,Springfield,Virginia,38.7449,-77.237
161214,Wilmington,Delaware,39.7434,-75.5827
151722,Columbus,Ohio,40.0839,-82.9726
145828,Cincinnati,Ohio,39.2418,-84.5437
168529,San Francisco,California,37.7593,-122.4836
131352,Richardson,Texas,32.9462,-96.7058
125710,Houston,Texas,29.6984,-95.5405
124499,Detroit,Michigan,42.3883,-83.1937
124107,Ann Arbor,Michigan,42.2694,-83.7282
162761,Miami,Florida,25.8141,-80.3549
141040,New York,New York,40.7864,-73.9764
129098,Springfield,Virginia,38.7449,-77.237
132388,Santa Barbara,California,34.4197,-119.7078
112522,Chicago,Illinois,41.9033,-87.6336
109736,San Francisco,California,37.7917,-122.4186
134719,Jacksonville,Florida,30.2787,-81.5831
108966,Fort Lauderdale,Florida,26.1421,-80.1728
112053,Rochester,New York,43.174,-77.5637
102281,New York,New York,40.8011,-73.9371
159786,Rochester,New York,43.174,-77.5637
134747,Noblesville,Indiana,40.0563,-86.0163
142993,Seattle,Washington,47.6733,-122.3426
114300,Louisville,Kentucky,38.1593,-85.778
139731,Amarillo,Texas,35.1663,-101.8868
126235,Mount Pleasant,Michigan,43.6013,-84.7736
123918,Dallas,Texas,32.7244,-96.6755
118766,Dallas,Texas,32.7244,-96.6755
129476,Orland Park,Illinois,41.6194,-87.8423
110765,New York,New York,40.7402,-73.9996
152527,Los Angeles,California,34.0762,-118.3029
127824,Seattle,Washington,47.6849,-122.2968
105613,Mcallen,Texas,26.2154,-98.2359
160171,Los Angeles,California,34.0116,-118.3411
150413,Dallas,Texas,32.8681,-96.8622
113901,Detroit,Michigan,42.3883,-83.1937
131128,Concord,New Hampshire,43.2185,-71.5277
154231,Vancouver (North West End / Stanley Park),British Columbia,49.299,-123.1408
160563,San Francisco,California,37.7917,-122.4186
149097,Los Angeles,California,33.9631,-118.3941
164623,New York,New York,40.8011,-73.9371
104430,Bloomington,Illinois,40.4783,-88.9893
169733,Hollywood,Florida,26.0218,-80.1891
132486,San Diego,California,32.7423,-117.0947
155068,Lakeland,Florida,28.0381,-81.9392
109190,Lubbock,Texas,33.5159,-101.9344
142692,Seattle,Washington,47.6633,-122.3022
110877,Houston,Texas,29.8602,-95.5817
149650,Oakland,California,37.7806,-122.2166
118738,Houston,Texas,29.8602,-95.5817
156608,San Antonio,Texas,29.4229,-98.526
130848,Denver,Colorado,39.6956,-105.0341
109862,Newark,Delaware,39.7011,-75.7375
152891,San Francisco,California,37.7509,-122.4153
105844,Sparks,Nevada,39.5473,-119.7556
150714,Springfield,Oregon,44.0611,-123.0153
139290,Rancho Cucamonga,California,34.107,-117.5941
156146,Peoria,Arizona,33.5761,-112.2344
162537,Henderson,Kentucky,37.8274,-87.5632
110289,San Francisco,California,37.7917,-122.4186
131359,Denver,Colorado,39.6956,-105.0341
132318,Virginia Beach,Virginia,36.7978,-76.1759
145758,New York,New York,40.7864,-73.9764
123673,Detroit,Michigan,42.3883,-83.1937
164882,Redlands,California,34.065,-117.1672
132570,Buffalo,New York,42.9335,-78.8115
164448,Salinas,California,36.6811,-121.6176
131457,Redlands,California,34.065,-117.1672
122259,Jackson,Michigan,42.2545,-84.3875
126739,New York,New York,40.8011,-73.9371
141740,New York,New York,40.7262,-73.9796
113145,New York,New York,40.7402,-73.9996
108119,Conway,Arkansas,35.0842,-92.4236
110163,Salem,Oregon,44.949,-123.004
105221,Philadelphia,Pennsylvania,40.0118,-75.1456
130995,New York,New York,40.7262,-73.9796
168207,San Diego,California,32.7423,-117.0947
160227,New York,New York,40.7402,-73.9996
100657,Troy,New York,42.7287,-73.6683
130890,Los Angeles,California,34.0762,-118.3029
138625,Chesapeake,Virginia,36.7352,-76.2384
141810,San Antonio,Texas,29.4229,-98.526
125416,Seattle,Washington,47.6849,-122.2968
162047,Long Beach,New York,40.5877,-73.6595
140410,Los Angeles,California,34.0116,-118.3411
121041,Haltom City,Texas,32.8087,-97.2709
131422,Monroe,North Carolina,35.0178,-80.5372
118444,Pompano Beach,Florida,26.2729,-80.2603
136259,Lakewood,Ohio,41.4847,-81.8018
144386,New York,New York,40.7262,-73.9796
131072,Seattle,Washington,47.6633,-122.3022
103961,Quincy,Illinois,39.9307,-91.3763
145485,San Francisco,California,37.7917,-122.4186
105312,Scottsdale,Arizona,33.6165,-111.9554
102848,Los Angeles,California,34.0699,-118.3492
162887,Burlington,Vermont,44.484,-73.2199
163181,Houston,Texas,29.8602,-95.5817
105571,Miami,Florida,25.813,-80.232
134922,Philadelphia,Pennsylvania,40.0118,-75.1456
148432,Newark,Delaware,39.7011,-75.7375
126669,Houston,Texas,29.6984,-95.5405
117086,Burlington,Vermont,44.484,-73.2199
114811,New York,New York,40.7864,-73.9764
108259,Jacksonville,North Carolina,34.7375,-77.4628
109386,Hampton,Virginia,37.0462,-76.4096
123568,West Jordan,Utah,40.6254,-111.9677
105634,Franklin,Massachusetts,42.0935,-71.4058
164441,New York,New York,40.7402,-73.9996
111990,Houston,Texas,29.8941,-95.6481
117611,Encinitas,California,33.0535,-117.2689
154886,San Francisco,California,37.7917,-122.4186
151407,Dubuque,Iowa,42.515,-90.6819
127509,Springfield,Missouri,37.1668,-93.3085
113222,Indianapolis,Indiana,39.8326,-86.0836
146486,Oceanside,New York,40.6362,-73.6375
126466,Roseville,California,38.7346,-121.234
158554,Philadelphia,Pennsylvania,39.9925,-75.1133
169796,New York,New York,40.8011,-73.9371
121783,Saint Paul,Minnesota,45.0139,-93.1571
147690,Philadelphia,Pennsylvania,40.0118,-75.1456
158659,Richmond,Indiana,39.8324,-84.8936
155040,Brentwood,California,37.9324,-121.6894
111948,Detroit,Michigan,42.4337,-83.0434
113628,Fort Lauderdale,Florida,26.1122,-80.2264
153283,New York,New York,40.8011,-73.9371
162964,Houston,Texas,29.8941,-95.6481
153220,Los Angeles,California,34.0818,-118.1753
130183,Houston,Texas,29.8602,-95.5817
104948,San Bernardino,California,34.1426,-117.2606
115798,Newark,Delaware,39.7011,-75.7375
144519,Helena,Montana,46.6131,-112.0213
153073,Chicago,Illinois,41.9033,-87.6336
156867,Aurora,Colorado,39.6575,-104.7846
136147,Miami,Florida,25.8141,-80.3549
149909,Columbus,Indiana,39.2055,-85.9317
111199,Jacksonville,North Carolina,34.7375,-77.4628
114503,Lebanon,Tennessee,36.2098,-86.3024
123141,Rio Rancho,New Mexico,35.2493,-106.6818
111927,Dover,Delaware,39.1564,-75.4955
154746,Springfield,Virginia,38.7449,-77.237
138674,Springfield,Oregon,44.0611,-123.0153
137897,New York,New York,40.8011,-73.9371
151043,Philadelphia,Pennsylvania,39.9448,-75.2288
145324,Harrisonburg,Virginia,38.4489,-78.8714
138954,New York,New York,40.8011,-73.9371
129525,Toledo,Ohio,41.6492,-83.6706
113173,Chicago,Illinois,41.8196,-87.6126
135685,Milwaukee,Wisconsin,43.1188,-87.9478
145394,Chicago,Illinois,41.9033,-87.6336
150875,Boise,Idaho,43.633,-116.2951
164539,New York,New York,40.7402,-73.9996
120446,San Diego,California,32.7423,-117.0947
126725,San Diego,California,32.7423,-117.0947
110863,Oklahoma City,Oklahoma,35.5835,-97.5638
163090,Chicago,Illinois,41.9033,-87.6336
151680,Seattle,Washington,47.6849,-122.2968
166800,Las Vegas,Nevada,36.2158,-115.0671
145814,New York,New York,40.8011,-73.9371
163965,Miami,Florida,25.9597,-80.1403
100454,New York,New York,40.8011,-73.9371
165743,Aurora,Colorado,39.6575,-104.7846
124058,Oakland,California,37.7806,-122.2166
110891,Philadelphia,Pennsylvania,40.0118,-75.1456
158589,San Francisco,California,37.7917,-122.4186
112305,Seattle,Washington,47.6633,-122.3022
116484,Marion,Ohio,40.5876,-83.1271
144652,Los Angeles,California,34.0116,-118.3411
136420,Encinitas,California,33.0535,-117.2689
146465,San Francisco,California,37.7593,-122.4836
156524,New York,New York,40.7402,-73.9996
161767,Dallas,Texas,32.7244,-96.6755
115511,Las Vegas,Nevada,36.2158,-115.0671
105690,Port Arthur,Texas,29.9212,-93.927
101511,Newark,Ohio,40.0724,-82.4046
102778,Monroe,North Carolina,35.0178,-80.5372
119879,Philadelphia,Pennsylvania,40.0343,-75.1213
159499,Phoenix,Arizona,33.6324,-112.1118
109337,Indianapolis,Indiana,39.8326,-86.0836
107083,Fort Worth,Texas,32.7968,-97.356
139094,San Antonio,Texas,29.4229,-98.526
118983,Fort Worth,Texas,32.7968,-97.356
162376,Cambridge,Massachusetts,42.377,-71.1256
100545,Philadelphia,Pennsylvania,40.0343,-75.1213
168459,Memphis,Tennessee,35.0425,-90.0732
137708,Los Angeles,California,34.0116,-118.3411
123505,Quincy,Massachusetts,42.2491,-70.9978
165449,Frisco,Texas,33.1499,-96.8241
149300,Hialeah,Florida,25.8654,-80.3059
123113,Morristown,New Jersey,40.7952,-74.4873
144274,Wilmington,Delaware,39.7434,-75.5827
111395,San Antonio,Texas,29.4229,-98.526
135545,Los Angeles,California,34.0762,-118.3029
105347,Los Angeles,California,34.0762,-118.3029
153416,Los Angeles,California,34.0699,-118.3492
164357,Wilmington,North Carolina,34.2237,-77.8862
166975,Jackson,Tennessee,35.6102,-88.814
117961,Leominster,Massachusetts,42.5274,-71.7563
158939,Springfield,Missouri,37.1668,-93.3085
130974,Everett,Massachusetts,42.4112,-71.0514
101910,Lake Elsinore,California,33.6598,-117.3485
168935,Hollywood,Florida,26.0296,-80.2489
163762,New York,New York,40.7864,-73.9764
160059,Fayetteville,Arkansas,36.052,-94.1534
125234,Los Angeles,California,34.066,-118.474
145184,Newark,Delaware,39.7011,-75.7375
154389,Philadelphia,Pennsylvania,40.0118,-75.1456
161711,New York,New York,40.8011,-73.9371
159982,Chicago,Illinois,41.849,-87.7157
111612,Columbus,Ohio,40.0839,-82.9726
136196,Freeport,New York,40.6536,-73.5866
157133,Champaign,Illinois,40.1073,-88.2788
164497,San Francisco,California,37.7509,-122.4153
157028,Las Cruces,New Mexico,32.2901,-106.7539
142930,Austin,Texas,30.2063,-97.7956
110016,Detroit,Michigan,42.3883,-83.1937
138009,Dearborn,Michigan,42.3349,-83.1801
154340,Santa Ana,California,33.7249,-117.909
129112,Allen,Texas,33.0934,-96.6454
144099,San Francisco,California,37.7593,-122.4836
137925,New York,New York,40.8011,-73.9371
141327,Durham,North Carolina,35.9631,-78.9315
158323,Jacksonville,North Carolina,34.7375,-77.4628
107685,Las Vegas,Nevada,36.2158,-115.0671
141453,Austin,Texas,30.2063,-97.7956
122210,Philadelphia,Pennsylvania,39.9925,-75.1133
140830,Henderson,Kentucky,37.8274,-87.5632
156328,Raleigh,North Carolina,35.8334,-78.5799
137113,Seattle,Washington,47.6633,-122.3022
111038,La Jolla,California,32.8455,-117.2521
105676,Houston,Texas,29.6984,-95.5405
110324,Jackson,Michigan,42.2545,-84.3875
103723,Seattle,Washington,47.6633,-122.3022
119907,Seattle,Washington,47.6733,-122.3426
148817,Chesapeake,Virginia,36.7352,-76.2384
112224,Halifax Lower Harbour,Nova Scotia,44.6344,-63.5822
145154,Dieppe Moncton East,New Brunswick,46.0967,-64.7087
154124,Dieppe Moncton East,New Brunswick,46.0967,-64.7087
145422,San Francisco,California,37.7509,-122.4153
123092,Jacksonville,North Carolina,34.7375,-77.4628
122756,Philadelphia,Pennsylvania,40.0118,-75.1456
142475,New York,New York,40.7402,-73.9996
147851,New York,New York,40.7262,-73.9796
110093,Philadelphia,Pennsylvania,39.9925,-75.1133
156853,Concord,New Hampshire,43.2185,-71.5277
161718,Hempstead,New York,40.7049,-73.6176
130659,New York,New York,40.8011,-73.9371
118871,Los Angeles,California,34.066,-118.474
119508,Lakewood,California,33.8512,-118.1457
155600,Clarksville,Tennessee,36.5853,-87.4186
110247,Tallahassee,Florida,30.4874,-84.3189
142377,Springfield,Missouri,37.1668,-93.3085
110814,New York,New York,40.7262,-73.9796
131842,Nashville,Tennessee,36.0725,-86.724
156440,San Diego,California,32.7423,-117.0947
142937,Dallas,Texas,32.8681,-96.8622
134943,Ann Arbor,Michigan,42.2694,-83.7282
101091,Philadelphia,Pennsylvania,40.0118,-75.1456
117898,Bloomington,Illinois,40.4783,-88.9893
149566,Los Angeles,California,34.066,-118.474
131884,Marion,Ohio,40.5876,-83.1271
144806,Tucson,Arizona,32.2691,-110.9845
127040,New York,New York,40.7262,-73.9796
168634,San Francisco,California,37.7917,-122.4186
143490,San Diego,California,32.7423,-117.0947
149692,Austin,Texas,30.2063,-97.7956
166338,Troy,Ohio,40.0374,-84.2032
114741,North Las Vegas,Nevada,36.2589,-115.1718
148628,Thousand Oaks,California,34.2092,-118.8739
136700,Santa Barbara,California,34.4197,-119.7078
156104,Indianapolis,Indiana,39.743,-86.1179
153752,Arlington,Virginia,38.859,-77.0997
134894,Henderson,Kentucky,37.8274,-87.5632
135272,Los Angeles,California,34.0699,-118.3492
165050,New York,New York,40.7864,-73.9764
130736,Seattle,Washington,47.6633,-122.3022
120957,Riverside,California,33.9208,-117.4589
135622,Fort Worth,Texas,32.7968,-97.356
156118,Colorado Springs,Colorado,38.7902,-104.8199
129532,Los Angeles,California,34.0699,-118.3492
103205,Houston,Texas,29.6984,-95.5405
157035,Columbus,Indiana,39.2055,-85.9317
138093,Baltimore,Maryland,39.3446,-76.6794
121650,Jackson,Michigan,42.2545,-84.3875
106208,Chicago,Illinois,41.9033,-87.6336
168732,Roswell,Georgia,34.0213,-84.3104
115693,Los Angeles,California,34.0818,-118.1753
127502,San Francisco,California,37.7509,-122.4153
143105,New York,New York,40.7864,-73.9764
112823,Cleveland,Ohio,41.4509,-81.619
104346,Colorado Springs,Colorado,38.7902,-104.8199
120572,Jacksonville,Florida,30.2787,-81.5831
106362,Troy,Ohio,40.0374,-84.2032
134082,San Bernardino,California,34.1426,-117.2606
135853,Detroit,Michigan,42.4313,-82.9813
150560,Suffolk,Virginia,36.7304,-76.5931
155761,Houston,Texas,29.8602,-95.5817
154620,Lancaster,California,34.6909,-118.1491
134075,San Jose,California,37.2458,-121.8306
155586,Chico,California,39.7224,-121.8113
129042,Baltimore,Maryland,39.3446,-76.6794
145065,San Diego,California,32.7423,-117.0947
127481,Las Vegas,Nevada,36.2158,-115.0671
110870,Los Angeles,California,34.0818,-118.1753
167220,Austin,Texas,30.2063,-97.7956
155586,Calgary (Lynnwood Ridge / Ogden / Foothills Industrial / Great Plains),Alberta,50.987,-113.9634
148250,Riverside,California,33.9208,-117.4589
157770,Temecula,California,33.4983,-117.0958
139962,Revere,Massachusetts,42.4138,-71.0052
125423,Los Angeles,California,34.0699,-118.3492
130253,Los Angeles,California,34.0699,-118.3492
125066,Jackson,Mississippi,32.2435,-90.2612
114048,Costa Mesa,California,33.6483,-117.9155
141593,Los Angeles,California,33.9631,-118.3941
146696,San Diego,California,32.7423,-117.0947
119592,Columbus,Georgia,32.4779,-84.898
126347,Los Angeles,California,33.9631,-118.3941
123232,Portland,Oregon,45.484,-122.5973
147830,Newark,Ohio,40.0724,-82.4046
109638,Seattle,Washington,47.6849,-122.2968
137225,New York,New York,40.7262,-73.9796
150308,Cary,North Carolina,35.7641,-78.7786
162544,Seattle,Washington,47.6633,-122.3022
138121,Detroit,Michigan,42.4313,-82.9813
129637,Bloomington,Illinois,40.4783,-88.9893
134117,Los Angeles,California,34.0116,-118.3411
153038,Memphis,Tennessee,35.0425,-90.0732
107468,Louisville,Colorado,39.9789,-105.1456
137533,Cleveland,Ohio,41.4509,-81.619
120161,Springfield,Ohio,39.9528,-83.7804
137960,New York,New York,40.8011,-73.9371
134558,Dover,New Hampshire,43.1888,-70.8868
127453,Philadelphia,Pennsylvania,39.9448,-75.2288
100685,Omaha,Nebraska,41.2919,-95.9999
115399,Philadelphia,Pennsylvania,39.9925,-75.1133
157084,Los Angeles,California,34.066,-118.474
109113,Chicago,Illinois,41.9033,-87.6336
110261,Glenview,Illinois,42.0758,-87.8223
123218,Chicago,Illinois,41.849,-87.7157
154795,Bullhead City,Arizona,35.106,-114.5947
158148,Arlington,Virginia,38.859,-77.0997
141754,Miami,Florida,25.813,-80.232
154144,Lindenhurst,New York,40.6884,-73.3745
158918,Los Angeles,California,34.0699,-118.3492
120712,Austin,Texas,30.2063,-97.7956
137071,Houston,Texas,29.6984,-95.5405
154284,Saint Charles,Illinois,41.9194,-88.307
126214,Seattle,Washington,47.6733,-122.3426
127019,Colorado Springs,Colorado,38.7902,-104.8199
161795,Columbus,Ohio,40.0839,-82.9726
112375,Daytona Beach,Florida,29.2012,-81.0371
165414,Jacksonville,North Carolina,34.7375,-77.4628
157287,Philadelphia,Pennsylvania,40.0118,-75.1456
153612,Superior,Wisconsin,46.7016,-92.0912
117828,Richmond,Virginia,37.5477,-77.3948
103471,Colorado Springs,Colorado,38.7902,-104.8199
135538,Gilbert,Arizona,33.3527,-111.7809
169397,Dublin,Ohio,40.1093,-83.1146
120103,Phoenix,Arizona,33.6324,-112.1118
128587,Springfield,Missouri,37.1668,-93.3085
158456,Los Angeles,California,34.0818,-118.1753
124653,Rochester,New York,43.174,-77.5637
113152,New York,New York,40.7864,-73.9764
153717,Detroit,Michigan,42.3883,-83.1937
136749,Columbus,Georgia,32.4779,-84.898
147739,Philadelphia,Pennsylvania,40.0118,-75.1456
143980,New York,New York,40.7402,-73.9996
144288,Nashville,Tennessee,36.0725,-86.724
111780,La Jolla,California,32.8455,-117.2521
144890,Los Angeles,California,34.066,-118.474
119550,Houston,Texas,29.9781,-95.5803
111073,Medina,Ohio,41.1404,-81.8584
158792,Lawrence,Massachusetts,42.7115,-71.167
124933,New York,New York,40.7262,-73.9796
158792,Pointe-Aux-Trembles,Quebec,45.6753,-73.5016
117415,Houston,Texas,29.8602,-95.5817
103870,Murfreesboro,Tennessee,35.8456,-86.3903
101889,Marion,Ohio,40.5876,-83.1271
148376,Los Angeles,California,34.0116,-118.3411
165085,Clinton,Maryland,38.7549,-76.9026
134782,Fayetteville,Arkansas,36.052,-94.1534
151589,Eau Claire,Wisconsin,44.8346,-91.5159
130113,San Francisco,California,37.7593,-122.4836
163783,Chicago,Illinois,41.9033,-87.6336
155145,Visalia,California,36.3114,-119.3065
148859,Chicago,Illinois,41.849,-87.7157
119697,Philadelphia,Pennsylvania,39.9925,-75.1133
130855,New York,New York,40.8011,-73.9371
135580,Los Angeles,California,34.066,-118.474
156377,Grand Prairie,Texas,32.7115,-97.0069
109470,Henderson,Kentucky,37.8274,-87.5632
139780,Detroit,Michigan,42.4313,-82.9813
109197,Missoula,Montana,46.8563,-114.0252
120901,Austin,Texas,30.2063,-97.7956
160304,Gaithersburg,Maryland,39.1419,-77.189
105207,Broken Arrow,Oklahoma,36.0447,-95.8079
125206,Los Angeles,California,33.9631,-118.3941
116365,San Antonio,Texas,29.4229,-98.526
158211,Philadelphia,Pennsylvania,39.9448,-75.2288
164630,Charlotte,North Carolina,35.22,-80.7881
134474,Jacksonville,Florida,30.2787,-81.5831
158806,Amarillo,Texas,35.1663,-101.8868
101938,Oakland,California,37.7806,-122.2166
100461,Franklin,Wisconsin,42.9017,-88.0086
137295,Raleigh,North Carolina,35.8334,-78.5799
126543,Toledo,Ohio,41.6492,-83.6706
108882,Fresno,California,36.7528,-119.7061
163937,Longview,Washington,46.1514,-122.9634
116547,Seattle,Washington,47.6849,-122.2968
141887,Columbus,Ohio,40.0839,-82.9726
126529,Springfield,Ohio,39.9528,-83.7804
133368,Concord,North Carolina,35.4141,-80.6162
140746,Fairfield,Connecticut,41.1692,-73.2681
152072,Westfield,New Jersey,40.6479,-74.3451
137848,New York,New York,40.7402,-73.9996
166912,New York,New York,40.7262,-73.9796
121755,Los Angeles,California,34.066,-118.474
116736,Concord,New Hampshire,43.2185,-71.5277
106558,Columbus,Georgia,32.4779,-84.898
155412,Pointe-Aux-Trembles,Quebec,45.6753,-73.5016
167339,La Jolla,California,32.8455,-117.2521
135923,Fayetteville,North Carolina,35.0583,-79.008
138079,Seattle,Washington,47.6849,-122.2968
155180,New York,New York,40.7262,-73.9796
111010,Morristown,New Jersey,40.7952,-74.4873
125850,La Jolla,California,32.8455,-117.2521
146318,Seattle,Washington,47.6633,-122.3022
148208,Cleveland,Ohio,41.4509,-81.619
113656,Los Angeles,California,34.0699,-118.3492
165505,Burlington,Vermont,44.484,-73.2199
109407,Gulfport,Mississippi,30.4601,-89.0886
168046,New York,New York,40.7864,-73.9764
153346,Plainfield,New Jersey,40.6152,-74.415
146437,Los Angeles,California,34.0699,-118.3492
166660,Seattle,Washington,47.6733,-122.3426
168032,Rockford,Illinois,42.2786,-89.0361
164483,San Francisco,California,37.7593,-122.4836
153661,San Francisco,California,37.7593,-122.4836
114944,Chicago,Illinois,41.849,-87.7157
159891,Atlanta,Georgia,33.7865,-84.4454
158043,Atlantic City,New Jersey,39.3664,-74.4317
129238,Los Angeles,California,33.9631,-118.3941
147970,Dallas,Texas,32.8681,-96.8622
154067,Los Angeles,California,34.0699,-118.3492
140809,Arlington,Virginia,38.859,-77.0997
158841,Arlington,Virginia,38.859,-77.0997
144645,Houston,Texas,29.8602,-95.5817
147431,New York,New York,40.7402,-73.9996
118514,Richmond,Kentucky,37.7546,-84.2955
117912,Sierra Vista,Arizona,31.5365,-110.2666
101189,Los Angeles,California,34.066,-118.474
150077,Rockville,Maryland,39.0496,-77.1204
108504,Smyrna,Georgia,33.8796,-84.5023
100993,La Jolla,California,32.8455,-117.2521
125017,Chattanooga,Tennessee,35.025,-85.1459
106894,Springfield,Virginia,38.7449,-77.237
161662,Lancaster,Ohio,39.7187,-82.6031
135461,Los Angeles,California,34.066,-118.474
163048,Houston,Texas,29.6984,-95.5405
109344,Raleigh,North Carolina,35.8334,-78.5799
112396,San Francisco,California,37.7509,-122.4153
164938,Tulsa,Oklahoma,36.0467,-95.8841
110492,Atlanta,Georgia,33.7865,-84.4454
112942,Los Angeles,California,33.9631,-118.3941
134334,Clinton,Maryland,38.7549,-76.9026
146150,Jackson,Mississippi,32.2435,-90.2612
162859,New York,New York,40.7262,-73.9796
134138,Belleville,New Jersey,40.7946,-74.1631
105781,New York,New York,40.7864,-73.9764
168956,Chicago,Illinois,41.849,-87.7157
108105,Henderson,Kentucky,37.8274,-87.5632
123274,New York,New York,40.8011,-73.9371
101630,Long Beach,New York,40.5877,-73.6595
106460,San Francisco,California,37.7917,-122.4186
166485,Nashville,Tennessee,36.0725,-86.724
168410,Oceanside,New York,40.6362,-73.6375
121447,New York,New York,40.7402,-73.9996
139010,Los Angeles,California,34.0818,-118.1753
139262,Tampa,Florida,28.0091,-82.5034
119025,Milwaukee,Wisconsin,43.1188,-87.9478
143280,Los Angeles,California,33.9631,-118.3941
144400,Philadelphia,Pennsylvania,40.0343,-75.1213
165015,Newark,Ohio,40.0724,-82.4046
128706,Houston,Texas,29.9781,-95.5803
102456,New York,New York,40.7402,-73.9996
101448,La Crosse,Wisconsin,43.7989,-91.2175
111283,Newark,Ohio,40.0724,-82.4046
101623,New York,New York,40.8011,-73.9371
143819,Yonkers,New York,40.9461,-73.8669
151862,Denver,Colorado,39.6956,-105.0341
116799,Odessa,Texas,31.889,-102.3548
120005,San Francisco,California,37.7509,-122.4153
145730,San Antonio,Texas,29.4229,-98.526
112123,Newark,Delaware,39.7011,-75.7375
103982,Round Rock,Texas,30.5145,-97.668
167759,Bloomington,Indiana,39.1401,-86.5083
154053,Encinitas,California,33.0535,-117.2689
164637,Mishawaka,Indiana,41.6507,-86.1623
122518,Miami,Florida,25.9597,-80.1403
158358,Dover,New Hampshire,43.1888,-70.8868
165218,Dallas,Texas,32.8681,-96.8622
110898,Chicago,Illinois,41.849,-87.7157
155173,Philadelphia,Pennsylvania,40.0343,-75.1213
137547,Fort Worth,Texas,32.7968,-97.356
137337,New York,New York,40.7402,-73.9996
169103,Miami,Florida,25.813,-80.232
140172,Jackson,Michigan,42.2545,-84.3875
130400,Dallas,Texas,32.7244,-96.6755
106306,Glendale,Arizona,33.5311,-112.1767
111976,Philadelphia,Pennsylvania,40.0343,-75.1213
153269,Andover,Massachusetts,42.6496,-71.1565
120803,Milford,Connecticut,41.2175,-73.0549
112977,Long Beach,New York,40.5877,-73.6595
159016,Los Angeles,California,34.0116,-118.3411
108959,Glendale,Arizona,33.5311,-112.1767
122182,Philadelphia,Pennsylvania,39.9448,-75.2288
169663,Los Angeles,California,33.9631,-118.3941
122511,Philadelphia,Pennsylvania,40.0118,-75.1456
146171,Columbus,Georgia,32.4779,-84.898
128902,Vineland,New Jersey,39.4818,-75.0091
118255,Saint Paul,Minnesota,44.786,-93.2202
127138,San Francisco,California,37.7917,-122.4186
119683,New York,New York,40.7864,-73.9764
115504,Monroe,Louisiana,32.553,-92.0422
119270,Los Angeles,California,34.0699,-118.3492
114013,Philadelphia,Pennsylvania,39.9925,-75.1133
136301,San Francisco,California,37.7917,-122.4186
108637,Waynesboro,Virginia,38.0774,-78.9035
159373,San Antonio,Texas,29.4229,-98.526
158834,Scottsdale,Arizona,33.6165,-111.9554
119123,Riverside,California,33.9208,-117.4589
162082,Harlingen,Texas,26.1951,-97.689
124793,Seattle,Washington,47.6733,-122.3426
102134,Green Bay,Wisconsin,44.5025,-87.9771
154361,Columbus,Ohio,40.0839,-82.9726
133802,Redwood City,California,37.4647,-122.2304
138968,San Francisco,California,37.7509,-122.4153
149272,Bryan,Texas,30.6913,-96.3714
140571,Jackson,Mississippi,32.2435,-90.2612
113509,Philadelphia,Pennsylvania,39.9448,-75.2288
131737,Columbia,Maryland,39.2141,-76.8788
128111,Malden,Massachusetts,42.4291,-71.0605
115476,Newark,Delaware,39.7011,-75.7375
134544,San Francisco,California,37.7917,-122.4186
120929,Memphis,Tennessee,35.0425,-90.0732
113292,Columbia,Tennessee,35.6156,-87.038
106383,Littleton,Colorado,39.5814,-104.9557
136371,Oceanside,New York,40.6362,-73.6375
118178,Nashville,Tennessee,36.0725,-86.724
115483,Beauport North,Quebec,46.9263,-71.2258
162747,Gulfport,Mississippi,30.4601,-89.0886
127670,Saint Peters,Missouri,38.7802,-90.6228
156986,Salem,Oregon,44.949,-123.004
150889,Evanston,Illinois,42.0546,-87.6943
133879,Chicago,Illinois,41.849,-87.7157
163153,Houston,Texas,29.6984,-95.5405
118899,Seattle,Washington,47.6733,-122.3426
107615,North Las Vegas,Nevada,36.2589,-115.1718
130911,Cleveland,Ohio,41.4509,-81.619
113803,Richmond,Indiana,39.8324,-84.8936
164189,Gresham,Oregon,45.5154,-122.4203
120082,New York,New York,40.7864,-73.9764
134887,Norman,Oklahoma,35.233,-97.4067
161361,Pocatello,Idaho,42.8876,-112.4381
162677,Jacksonville,North Carolina,34.7375,-77.4628
123666,New York,New York,40.7402,-73.9996
119074,Columbus,Georgia,32.4779,-84.898
131380,Los Angeles,California,34.0818,-118.1753
162901,Arlington,Virginia,38.859,-77.0997
127236,Springfield,Ohio,39.9528,-83.7804
152555,Chicago,Illinois,41.8196,-87.6126
167556,New York,New York,40.7262,-73.9796
128258,Norwich,Connecticut,41.5371,-72.0849
124100,New York,New York,40.7262,-73.9796
151827,Philadelphia,Pennsylvania,39.9925,-75.1133
111213,New York,New York,40.7262,-73.9796
127985,Columbus,Georgia,32.4779,-84.898
103947,Sierra Vista,Arizona,31.5365,-110.2666
166674,Auburn,New York,42.93,-76.5626
149902,New York,New York,40.7864,-73.9764
161473,New York,New York,40.8011,-73.9371
160206,Milwaukee,Wisconsin,43.1188,-87.9478
123540,Milwaukee,Wisconsin,43.1188,-87.9478
167682,Richmond,Indiana,39.8324,-84.8936
120796,Philadelphia,Pennsylvania,40.0118,-75.1456
162222,Richardson,Texas,32.9462,-96.7058
123050,Troy,New York,42.7287,-73.6683
167115,New York,New York,40.8011,-73.9371
159142,Springfield,Virginia,38.7449,-77.237
159695,Houston,Texas,29.8941,-95.6481
161907,Philadelphia,Pennsylvania,40.0118,-75.1456
150140,Burlington,Vermont,44.484,-73.2199
120530,New York,New York,40.8011,-73.9371
114405,Philadelphia,Pennsylvania,40.0343,-75.1213
132899,New York,New York,40.7262,-73.9796
154998,Lakewood,New Jersey,40.085,-74.2042
110499,San Francisco,California,37.7509,-122.4153
106600,Columbus,Georgia,32.4779,-84.898
138520,New York,New York,40.8011,-73.9371
130946,Houston,Texas,29.8602,-95.5817
124233,Los Angeles,California,34.0818,-118.1753
134789,Hot Springs National Park,Arkansas,34.5268,-92.9587
104969,Troy,Ohio,40.0374,-84.2032
150000,Smyrna,Georgia,33.8796,-84.5023
130477,Los Angeles,California,34.0818,-118.1753
117681,Los Angeles,California,34.0762,-118.3029
128517,Detroit,Michigan,42.3883,-83.1937
126809,Seattle,Washington,47.6733,-122.3426
123358,San Francisco,California,37.7593,-122.4836
109652,Chicago,Illinois,41.8196,-87.6126
124814,Bakersfield,California,35.3384,-119.0627
114622,Springfield,Ohio,39.9528,-83.7804
163594,Los Angeles,California,34.0699,-118.3492
142398,Los Angeles,California,34.0699,-118.3492
112102,Springfield,Virginia,38.7449,-77.237
124254,Wilson,North Carolina,35.727,-77.9227
152800,San Francisco,California,37.7917,-122.4186
112669,Glendale,Arizona,33.5311,-112.1767
148796,Los Angeles,California,34.0762,-118.3029
166625,Baltimore,Maryland,39.3446,-76.6794
164735,Alexandria,Virginia,38.8149,-77.121
136406,San Francisco,California,37.7509,-122.4153
132423,Grapevine,Texas,32.9328,-97.0808
123750,Gastonia,North Carolina,35.2449,-81.2194
117849,San Diego,California,32.7423,-117.0947
107440,Lakewood,New Jersey,40.085,-74.2042
164588,Columbus,Georgia,32.4779,-84.898
166282,Nashville,Tennessee,36.0725,-86.724
105473,Seattle,Washington,47.6849,-122.2968
108735,Lakewood,California,33.8512,-118.1457
149111,Raleigh,North Carolina,35.8334,-78.5799
159415,Columbia,Tennessee,35.6156,-87.038
133508,Omaha,Nebraska,41.2919,-95.9999
108735,Vancouver (South West End),British Columbia,49.2833,-123.1298
125087,Houston,Texas,29.9781,-95.5803
139381,Chesapeake,Virginia,36.7352,-76.2384
144785,New York,New York,40.7262,-73.9796
155551,Elmhurst,Illinois,41.8927,-87.941
161396,Columbus,Ohio,40.0839,-82.9726
115819,Los Angeles,California,34.066,-118.474
109666,New York,New York,40.8011,-73.9371
103646,Chicago,Illinois,41.849,-87.7157
146423,Milford,Connecticut,41.2175,-73.0549
151498,Seattle,Washington,47.6849,-122.2968
109869,Phoenix,Arizona,33.6324,-112.1118
147578,San Francisco,California,37.7593,-122.4836
113061,Jefferson City,Missouri,38.5773,-92.2443
101329,Rome,New York,43.2193,-75.4498
109057,Aurora,Illinois,41.7582,-88.2971
126270,San Clemente,California,33.4361,-117.6231
162138,Hesperia,California,34.4222,-117.3025
124149,Lancaster,Ohio,39.7187,-82.6031
130001,Charlotte,North Carolina,35.22,-80.7881
149279,Colorado Springs,Colorado,38.7902,-104.8199
138933,Riverside,California,33.9208,-117.4589
168081,Houston,Texas,29.9781,-95.5803
150147,Philadelphia,Pennsylvania,39.9925,-75.1133
139556,New York,New York,40.7262,-73.9796
137204,Los Angeles,California,33.9631,-118.3941
167605,Saint Charles,Illinois,41.9194,-88.307
161816,Dallas,Texas,32.7244,-96.6755
152814,Denver,Colorado,39.6956,-105.0341
144792,Scottsdale,Arizona,33.6165,-111.9554
120460,Richardson,Texas,32.9462,-96.7058
154788,New York,New York,40.7402,-73.9996
164784,Memphis,Tennessee,35.0425,-90.0732
101525,Little Rock,Arkansas,34.6725,-92.3529
154060,Greensboro,North Carolina,36.1214,-79.7733
109400,Amarillo,Texas,35.1663,-101.8868
158155,New York,New York,40.7262,-73.9796
148698,Houston,Texas,29.9781,-95.5803
146836,New York,New York,40.7864,-73.9764
104311,Irving,Texas,32.8267,-96.9633
129280,Newark,Ohio,40.0724,-82.4046
163398,Chicago,Illinois,41.8196,-87.6126
147991,Chattanooga,Tennessee,35.025,-85.1459
126165,San Francisco,California,37.7917,-122.4186
102239,Henderson,Nevada,36.0357,-114.9718
160500,Encinitas,California,33.0535,-117.2689
105662,Tallahassee,Florida,30.4874,-84.3189
145247,Louisville,Kentucky,38.1593,-85.778
112676,Murfreesboro,Tennessee,35.8456,-86.3903
137729,Los Angeles,California,34.0762,-118.3029
137393,Bakersfield,California,35.3384,-119.0627
118052,Lorain,Ohio,41.4578,-82.171
146857,Springfield,Missouri,37.1668,-93.3085
139234,Chicago,Illinois,41.9033,-87.6336
128818,New York,New York,40.7262,-73.9796
169856,Don Mills South (Flemingdon Park),Ontario,43.7334,-79.3329
164672,Dover,Delaware,39.1564,-75.4955
111696,Los Angeles,California,34.0762,-118.3029
106530,Cleveland,Ohio,41.4509,-81.619
144057,Austin,Texas,30.2063,-97.7956
161158,New York,New York,40.7864,-73.9764
109176,Philadelphia,Pennsylvania,40.0118,-75.1456
159765,Salem,Virginia,37.2853,-80.0692
159093,Los Angeles,California,34.0699,-118.3492
169166,Seattle,Washington,47.6849,-122.2968
112382,Houston,Texas,29.6984,-95.5405
117625,Chicago,Illinois,41.9033,-87.6336
161543,Seattle,Washington,47.6633,-122.3022
133816,Philadelphia,Pennsylvania,39.9925,-75.1133
162733,Los Angeles,California,33.9631,-118.3941
100510,New York,New York,40.7864,-73.9764
123610,Mission Viejo,California,33.6128,-117.6622
109911,Virginia Beach,Virginia,36.7978,-76.1759
167416,Seattle,Washington,47.6633,-122.3022
101196,Philadelphia,Pennsylvania,40.0118,-75.1456
148901,Jacksonville,Florida,30.2787,-81.5831
141019,Cincinnati,Ohio,39.2418,-84.5437
108224,Yuma,Arizona,32.7015,-114.6424
146570,Jackson,Mississippi,32.2435,-90.2612
141180,Fort Lauderdale,Florida,26.1421,-80.1728
152408,New York,New York,40.8011,-73.9371
165673,Springfield,Ohio,39.9528,-83.7804
130638,Los Angeles,California,33.9631,-118.3941
133144,Los Angeles,California,34.0699,-118.3492
122133,Middletown,Connecticut,41.5569,-72.6652
158435,Waterbury,Connecticut,41.5511,-73.0645
117037,Chicago,Illinois,41.8196,-87.6126
150567,Apopka,Florida,28.712,-81.5136
122728,San Francisco,California,37.7509,-122.4153
157245,Arlington,Virginia,38.859,-77.0997
169943,New York,New York,40.7402,-73.9996
138282,Los Angeles,California,34.0116,-118.3411
152835,Lafayette,Indiana,40.4001,-86.8602
126935,San Francisco,California,37.7917,-122.4186
115917,Vallejo,California,38.0985,-122.2124
146010,Colorado Springs,Colorado,38.7902,-104.8199
108567,Port Saint Lucie,Florida,27.2889,-80.298
105256,Asheville,North Carolina,35.5808,-82.6078
114209,Richardson,Texas,32.9462,-96.7058
125920,Chicago,Illinois,41.9033,-87.6336
127642,Warwick,Rhode Island,41.7026,-71.4476
139486,Los Angeles,California,34.0818,-118.1753
107202,Sparks,Nevada,39.5473,-119.7556
146934,Passaic,New Jersey,40.8601,-74.1283
159653,Athens,Georgia,33.9321,-83.3525
154081,Los Angeles,California,34.066,-118.474
142762,San Francisco,California,37.7917,-122.4186
143714,Philadelphia,Pennsylvania,40.0343,-75.1213
154403,Florence,Alabama,34.8305,-87.656
133725,Chicago,Illinois,41.849,-87.7157
138583,Philadelphia,Pennsylvania,40.0343,-75.1213
136126,Newport News,Virginia,37.1132,-76.5179
139269,Columbus,Georgia,32.4779,-84.898
119186,Fort Worth,Texas,32.7968,-97.356
148852,Santa Ana,California,33.7249,-117.909
157266,Washington,District of Columbia,38.9381,-77.086
149237,Milwaukee,Wisconsin,43.1188,-87.9478
132409,Philadelphia,Pennsylvania,39.9925,-75.1133
113236,Delray Beach,Florida,26.4564,-80.1054
122903,Detroit,Michigan,42.4313,-82.9813
101791,Chicago,Illinois,41.849,-87.7157
136994,Los Angeles,California,33.9631,-118.3941
138695,Tallahassee,Florida,30.4874,-84.3189
134803,Los Angeles,California,34.0762,-118.3029
113747,Jackson,Mississippi,32.2435,-90.2612
155565,New York,New York,40.8011,-73.9371
121377,Park Ridge,Illinois,42.0122,-87.8417
156573,Nashville,Tennessee,36.0725,-86.724
168753,Montgomery,Alabama,32.3129,-86.2421
105578,Parker,Colorado,39.4895,-104.8447
152730,Superior,Wisconsin,46.7016,-92.0912
129728,Los Angeles,California,34.0818,-118.1753
113831,Springfield,Virginia,38.7449,-77.237
158547,Hamilton,Ohio,39.4059,-84.5221
145499,Wilmington,North Carolina,34.2237,-77.8862
166380,Arlington,Virginia,38.859,-77.0997
147473,Los Angeles,California,34.066,-118.474
108210,Houston,Texas,29.8602,-95.5817
153682,Cincinnati,Ohio,39.2418,-84.5437
150483,Decatur,Illinois,39.8395,-88.9465
168844,New York,New York,40.7402,-73.9996
119046,Seattle,Washington,47.6849,-122.2968
128293,Philadelphia,Pennsylvania,40.0343,-75.1213
164889,Los Angeles,California,34.066,-118.474
165848,New York,New York,40.8011,-73.9371
157749,Chicago,Illinois,41.9033,-87.6336
119823,Springfield,Virginia,38.7449,-77.237
110982,Santa Clara,California,37.3483,-121.9844
165169,Newark,Delaware,39.7011,-75.7375
134908,Philadelphia,Pennsylvania,39.9925,-75.1133
149671,Seattle,Washington,47.6633,-122.3022
112830,Fairfield,Ohio,39.3266,-84.5479
167472,Little Rock,Arkansas,34.6725,-92.3529
155971,Los Angeles,California,34.0699,-118.3492
108350,Lowell,Massachusetts,42.6344,-71.2983
127369,Lowell,Massachusetts,42.6344,-71.2983
160717,Santa Barbara,California,34.4197,-119.7078
125318,Chicago,Illinois,41.9033,-87.6336
103163,Bakersfield,California,35.3384,-119.0627
107475,Philadelphia,Pennsylvania,40.0343,-75.1213
120558,New York,New York,40.8011,-73.9371
122448,San Francisco,California,37.7917,-122.4186
154662,Minneapolis,Minnesota,44.9378,-93.2545
147368,Tallahassee,Florida,30.4874,-84.3189
139710,Los Angeles,California,33.9631,-118.3941
113243,Los Angeles,California,33.9631,-118.3941
121993,Philadelphia,Pennsylvania,40.0118,-75.1456
169922,Arlington,Texas,32.6555,-97.1599
118745,Los Angeles,California,34.066,-118.474
142405,Seattle,Washington,47.6733,-122.3426
127775,New York,New York,40.8011,-73.9371
120824,Houston,Texas,29.9781,-95.5803
103730,Wilmington,Delaware,39.7434,-75.5827
127208,Decatur,Alabama,34.5896,-86.9887
139941,Long Beach,New York,40.5877,-73.6595
138688,Los Angeles,California,34.0699,-118.3492
104633,Pasadena,California,34.1678,-118.1261
147375,Chicago,Illinois,41.849,-87.7157
164035,Chicago,Illinois,41.9033,-87.6336
121465,"Kings and Queens counties (Elmira), Montague",Prince Edward Island,46.1668,-62.6487
126795,New York,New York,40.7864,-73.9764
136287,Wichita,Kansas,37.7007,-97.4383
155005,Jackson,Michigan,42.2545,-84.3875
108497,Los Angeles,California,34.0699,-118.3492
107216,San Francisco,California,37.7593,-122.4836
128223,Anaheim,California,33.8186,-117.9729
155747,Philadelphia,Pennsylvania,40.0118,-75.1456
132304,Seattle,Washington,47.6733,-122.3426
133872,Boca Raton,Florida,26.3464,-80.1564
152765,Houston,Texas,29.6984,-95.5405
137127,Newark,Delaware,39.7011,-75.7375
148593,Los Angeles,California,33.9631,-118.3941
140977,Chattanooga,Tennessee,35.025,-85.1459
123512,Los Angeles,California,33.9631,-118.3941
111682,Troy,New York,42.7287,-73.6683
107146,Longmont,Colorado,40.1779,-105.1009
129861,Rochester,New York,43.174,-77.5637
133613,Waterbury,Connecticut,41.5511,-73.0645
159345,Encinitas,California,33.0535,-117.2689
145842,New York,New York,40.7864,-73.9764
131744,Philadelphia,Pennsylvania,39.9925,-75.1133
163461,Frankfort,Illinois,41.5094,-87.8248
136547,Pointe-Aux-Trembles,Quebec,45.6753,-73.5016
105760,San Francisco,California,37.7509,-122.4153
141397,Pasadena,California,34.1678,-118.1261
149965,Oklahoma City,Oklahoma,35.5835,-97.5638
140081,Philadelphia,Pennsylvania,40.0343,-75.1213
152534,Salinas,California,36.6811,-121.6176
108581,Carrollton,Texas,33.0033,-96.882
169194,Dover,Delaware,39.1564,-75.4955
119865,New York,New York,40.7402,-73.9996
168361,Chicago,Illinois,41.849,-87.7157
140501,New York,New York,40.7262,-73.9796
140382,San Francisco,California,37.7917,-122.4186
154256,New York,New York,40.8011,-73.9371
142685,Buffalo,New York,42.9335,-78.8115
100300,La Jolla,California,32.8455,-117.2521
166240,Houston,Texas,29.8941,-95.6481
101987,Richmond,Indiana,39.8324,-84.8936
130680,Encinitas,California,33.0535,-117.2689
101693,Houston,Texas,29.9781,-95.5803
152051,York,Pennsylvania,39.9494,-76.713
118913,Los Angeles,California,34.066,-118.474
114951,San Francisco,California,37.7917,-122.4186
102127,New York,New York,40.8011,-73.9371
152331,Chicago,Illinois,41.8196,-87.6126
100790,New York,New York,40.7864,-73.9764
118101,Roseville,Michigan,42.5034,-82.9387
144015,Los Angeles,California,34.0699,-118.3492
119445,Providence,Rhode Island,41.8383,-71.4377
158708,Plano,Texas,33.055,-96.7365
160234,Atlanta,Georgia,33.7865,-84.4454
153577,Highland Park,Illinois,42.1794,-87.8059
161928,San Francisco,California,37.7917,-122.4186
154767,Paterson,New Jersey,40.9143,-74.1671
161095,Los Angeles,California,34.0818,-118.1753
110044,Chicago,Illinois,41.9033,-87.6336
187423,Pointe-Aux-Trembles,Quebec,45.6753,-73.5016
140543,Florence,South Carolina,34.1838,-79.7728
162355,Atlanta,Georgia,33.9335,-84.3958
135594,Aurora,Illinois,41.7582,-88.2971
158680,Seattle,Washington,47.6849,-122.2968
152163,Columbia,South Carolina,34.0635,-81.0265
126431,New York,New York,40.7262,-73.9796
139997,Lehi,Utah,40.3958,-111.8506
102813,Huntsville,Texas,30.6448,-95.5798
149314,Los Angeles,California,34.0762,-118.3029
101469,Arlington,Virginia,38.859,-77.0997
168543,New York,New York,40.8011,-73.9371
130029,Los Angeles,California,34.066,-118.474
104983,Philadelphia,Pennsylvania,39.9448,-75.2288
147137,San Francisco,California,37.7917,-122.4186
103107,Seattle,Washington,47.6733,-122.3426
159940,Aurora,Illinois,41.7582,-88.2971
135265,Los Angeles,California,33.9631,-118.3941
100965,San Jose,California,37.2458,-121.8306
106397,Orem,Utah,40.3134,-111.6953
129308,Philadelphia,Pennsylvania,40.0343,-75.1213
114713,Hialeah,Florida,25.8654,-80.3059
112109,Broomfield,Colorado,39.9245,-105.0609
156685,Arlington,Texas,32.6555,-97.1599
155474,Seattle,Washington,47.6633,-122.3022
152520,Providence,Rhode Island,41.8383,-71.4377
152471,Jacksonville,Florida,30.2787,-81.5831
112109,South Interlake (MacGregor),Manitoba,50.3458,-98.5152
136329,New York,New York,40.8011,-73.9371
131149,Richardson,Texas,32.9462,-96.7058
134222,Yuma,Arizona,32.7015,-114.6424
126613,Mesa,Arizona,33.3992,-111.7896
164924,Philadelphia,Pennsylvania,39.9448,-75.2288
103891,Los Angeles,California,34.0116,-118.3411
137050,New York,New York,40.7262,-73.9796
109953,San Francisco,California,37.7593,-122.4836
157588,Columbus,Georgia,32.4779,-84.898
117282,New York,New York,40.7262,-73.9796
169215,Auburn,New York,42.93,-76.5626
115483,Irving,Texas,32.8267,-96.9633
120180,Philadelphia,Pennsylvania,39.9925,-75.1133
101378,Huntsville,Alabama,34.7784,-86.6091
136924,Tucson,Arizona,32.2691,-110.9845
101966,Houston,Texas,29.6984,-95.5405
168095,Portland,Oregon,45.484,-122.5973
122322,Provo,Utah,40.2607,-111.6549
130050,Houston,Texas,29.6984,-95.5405
157161,Columbia,South Carolina,34.0635,-81.0265
157000,Grand Prairie,Texas,32.7115,-97.0069
100720,Philadelphia,Pennsylvania,40.0343,-75.1213
139087,Seattle,Washington,47.6633,-122.3022
116603,New York,New York,40.7864,-73.9764
131835,Perth Amboy,New Jersey,40.5176,-74.2754
121671,Springfield,Missouri,37.1668,-93.3085
101343,Los Angeles,California,34.066,-118.474
157763,Bowling Green,Kentucky,36.9375,-86.4481
114727,Denver,Colorado,39.6956,-105.0341
102561,Philadelphia,Pennsylvania,40.0118,-75.1456
161676,Glendale,Arizona,33.5311,-112.1767
124681,Dallas,Texas,32.7244,-96.6755
162110,Phoenix,Arizona,33.6324,-112.1118
163776,Hattiesburg,Mississippi,31.3146,-89.3065
157217,San Francisco,California,37.7509,-122.4153
137939,Long Beach,New York,40.5877,-73.6595
142895,Concord,North Carolina,35.4141,-80.6162
141957,Newark,Ohio,40.0724,-82.4046
146521,Philadelphia,Pennsylvania,39.9925,-75.1133
160941,Roseville,California,38.7346,-121.234
114307,Columbia,Maryland,39.2141,-76.8788
122392,Allentown,Pennsylvania,40.5891,-75.4645
111290,Westland,Michigan,42.3358,-83.3846
144855,San Francisco,California,37.7509,-122.4153
140613,Sparks,Nevada,39.5473,-119.7556
165316,Tampa,Florida,28.0091,-82.5034
112256,Mcallen,Texas,26.2154,-98.2359
162404,Rockford,Illinois,42.2786,-89.0361
111318,Houston,Texas,29.8602,-95.5817
162943,New York,New York,40.8011,-73.9371
102498,Lafayette,Louisiana,30.2077,-92.0656
126158,Costa Mesa,California,33.6483,-117.9155
115441,Milwaukee,Wisconsin,43.1188,-87.9478
104157,Jackson,Mississippi,32.2435,-90.2612
115525,Toledo,Ohio,41.6492,-83.6706
149335,San Francisco,California,37.7593,-122.4836
149454,Arlington,Virginia,38.859,-77.0997
128307,Houston,Texas,29.8602,-95.5817
111115,Los Angeles,California,34.0818,-118.1753
103037,Houston,Texas,29.9781,-95.5803
147417,Columbus,Ohio,40.0839,-82.9726
107783,Bethlehem,Pennsylvania,40.6278,-75.3928
105452,Pasadena,Texas,29.7009,-95.1989
143924,Holland,Michigan,42.7692,-86.1164
140046,Los Angeles,California,34.0818,-118.1753
131891,Pensacola,Florida,30.4564,-87.2104
164574,Charlotte,North Carolina,35.22,-80.7881
116344,Philadelphia,Pennsylvania,40.0118,-75.1456
112585,San Francisco,California,37.7593,-122.4836
112025,Houston,Texas,29.9781,-95.5803
137743,Chicago,Illinois,41.849,-87.7157
133550,Detroit,Michigan,42.4313,-82.9813
144148,San Francisco,California,37.7593,-122.4836
132990,Philadelphia,Pennsylvania,40.0118,-75.1456
155978,Riverside,California,33.9208,-117.4589
144337,Amarillo,Texas,35.1663,-101.8868
156265,Los Angeles,California,34.0818,-118.1753
104150,Tulsa,Oklahoma,36.0467,-95.8841
110254,Suffolk,Virginia,36.7304,-76.5931
111913,Sacramento,California,38.4797,-121.4438
128195,Peoria,Illinois,40.7111,-89.6324
102232,Huntsville,Alabama,34.7784,-86.6091
105263,New York,New York,40.7864,-73.9764
158869,New York,New York,40.7864,-73.9764
151092,Los Angeles,California,34.0818,-118.1753
148516,Edmonds,Washington,47.8353,-122.327
107328,Los Angeles,California,34.0699,-118.3492
121034,Richardson,Texas,32.9462,-96.7058
169026,Jackson,Mississippi,32.2435,-90.2612
130078,Oklahoma City,Oklahoma,35.5835,-97.5638
113649,Fayetteville,North Carolina,35.0583,-79.008
118934,Hendersonville,Tennessee,36.3054,-86.6072
128671,Tulsa,Oklahoma,36.0467,-95.8841
143910,New York,New York,40.7402,-73.9996
105459,New York,New York,40.7864,-73.9764
118073,Lakeland,Florida,28.0381,-81.9392
144477,Philadelphia,Pennsylvania,39.9925,-75.1133
167584,Des Moines,Iowa,41.5444,-93.6192
155845,Carrollton,Texas,33.0033,-96.882
156251,Milwaukee,Wisconsin,43.0215,-88.0176
156692,Kenner,Louisiana,30.0252,-90.2522
141264,Irving,Texas,32.8267,-96.9633
155670,Jacksonville,North Carolina,34.7375,-77.4628
125843,Springfield,Virginia,38.7449,-77.237
136021,Los Angeles,California,33.9631,-118.3941
119515,Nashville,Tennessee,36.0725,-86.724
136770,Akron,Ohio,41.0334,-81.4385
154690,Fayetteville,North Carolina,35.0583,-79.008
167241,Los Angeles,California,34.0762,-118.3029
123470,Aurora,Colorado,39.6575,-104.7846
166163,Oakland,California,37.7806,-122.2166
118626,Tallahassee,Florida,30.4874,-84.3189
148096,Los Angeles,California,33.9631,-118.3941
150343,San Francisco,California,37.7509,-122.4153
113117,Davis,California,38.5538,-121.7418
157308,Seattle,Washington,47.6633,-122.3022
128916,Houston,Texas,29.9781,-95.5803
136133,New York,New York,40.7864,-73.9764
113551,Edinburg,Texas,26.2792,-98.1832
153353,New York,New York,40.8011,-73.9371
101980,New York,New York,40.7262,-73.9796
151141,Detroit,Michigan,42.4313,-82.9813
122581,New York,New York,40.8011,-73.9371
146066,Philadelphia,Pennsylvania,39.9448,-75.2288
126452,Los Angeles,California,34.0762,-118.3029
167983,Seattle,Washington,47.6849,-122.2968
123414,Greenville,North Carolina,35.6192,-77.3975
141880,Fort Collins,Colorado,40.5384,-105.0547
137239,Columbus,Ohio,40.0839,-82.9726
140256,Los Angeles,California,34.066,-118.474
130484,Gresham,Oregon,45.5154,-122.4203
148334,Houston,Texas,29.8602,-95.5817
106313,Seattle,Washington,47.6633,-122.3022
150350,Seattle,Washington,47.6633,-122.3022
160528,Pharr,Texas,26.1771,-98.187
158001,New York,New York,40.8011,-73.9371
117793,Sheboygan,Wisconsin,43.741,-87.7247
128594,La Jolla,California,32.8455,-117.2521
152289,Pasadena,Texas,29.7009,-95.1989
163174,Athens,Georgia,33.9321,-83.3525
114601,Detroit,Michigan,42.4337,-83.0434
100405,Los Angeles,California,33.9631,-118.3941
132094,Philadelphia,Pennsylvania,40.0118,-75.1456
102141,New York,New York,40.7864,-73.9764
105585,San Jose,California,37.2458,-121.8306
148201,Seattle,Washington,47.6733,-122.3426
160598,Miami,Florida,25.813,-80.232
163538,Franklin,Wisconsin,42.9017,-88.0086
127425,New York,New York,40.8011,-73.9371
145982,Quincy,Massachusetts,42.2491,-70.9978
116764,Hollywood,Florida,26.0218,-80.1891
146710,Dallas,Texas,32.8681,-96.8622
117919,Houston,Texas,29.8602,-95.5817
145303,Richardson,Texas,32.9462,-96.7058
137652,Cincinnati,Ohio,39.2418,-84.5437
144211,Englewood,Colorado,39.5805,-104.9011
159912,Philadelphia,Pennsylvania,40.0343,-75.1213
158568,Chicago,Illinois,41.9033,-87.6336
161207,Concord,New Hampshire,43.2185,-71.5277
128727,New York,New York,40.7864,-73.9764
141544,Philadelphia,Pennsylvania,39.9448,-75.2288
165995,Los Angeles,California,34.0116,-118.3411
117408,Waco,Texas,31.5171,-97.1198
151561,New York,New York,40.7402,-73.9996
116526,Detroit,Michigan,42.3883,-83.1937
129714,New York,New York,40.7262,-73.9796
120859,San Francisco,California,37.7509,-122.4153
124583,Huntington Beach,California,33.6654,-117.9686
155481,Philadelphia,Pennsylvania,40.0118,-75.1456
106278,Seattle,Washington,47.3929,-122.3129
129847,Chicago,Illinois,41.8196,-87.6126
126732,Los Angeles,California,34.0699,-118.3492
130407,New York,New York,40.7864,-73.9764
106950,Charlotte,North Carolina,35.22,-80.7881
112739,Houston,Texas,29.9781,-95.5803
116540,Madison,Wisconsin,43.0356,-89.4526
144764,Chicago,Illinois,41.849,-87.7157
113096,San Francisco,California,37.7593,-122.4836
166429,Seattle,Washington,47.3929,-122.3129
147711,Baltimore,Maryland,39.3446,-76.6794
104815,Chicago,Illinois,41.9033,-87.6336
100566,Aurora,Illinois,41.7582,-88.2971
101616,Monroe,Louisiana,32.553,-92.0422
158099,Philadelphia,Pennsylvania,39.9448,-75.2288
159737,Chicago,Illinois,41.9033,-87.6336
153185,Cincinnati,Ohio,39.2418,-84.5437
132143,Middletown,Connecticut,41.5569,-72.6652
163986,Waukesha,Wisconsin,42.9993,-88.2196
129630,San Francisco,California,37.7593,-122.4836
131205,Georgetown,Kentucky,38.2117,-84.5562
123120,New York,New York,40.7402,-73.9996
149783,Knoxville,Tennessee,36.0501,-83.9226
169971,Houston,Texas,29.8602,-95.5817
142524,Springfield,Missouri,37.1668,-93.3085
117604,Jonesboro,Arkansas,35.833,-90.6965
168774,Saint Paul,Minnesota,44.9197,-92.9439
158778,Philadelphia,Pennsylvania,39.9925,-75.1133
115756,Detroit,Michigan,42.3883,-83.1937
148110,Austin,Texas,30.2063,-97.7956
162383,Lancaster,Ohio,39.7187,-82.6031
136595,Houston,Texas,29.6984,-95.5405
110366,Philadelphia,Pennsylvania,40.0118,-75.1456
121013,Chesapeake,Virginia,36.7352,-76.2384
144540,Houston,Texas,29.9781,-95.5803
140774,Olathe,Kansas,38.8733,-94.7752
151372,Redondo Beach,California,33.8707,-118.3715
136231,Johnson City,Tennessee,36.3107,-82.381
154536,Philadelphia,Pennsylvania,40.0343,-75.1213
149195,Houston,Texas,29.9781,-95.5803
133319,New York,New York,40.7402,-73.9996
164490,Chicago,Illinois,41.8196,-87.6126
152373,San Antonio,Texas,29.4229,-98.526
137673,San Diego,California,32.7423,-117.0947
160815,Cedar Rapids,Iowa,42.0188,-91.6612
139409,New York,New York,40.7402,-73.9996
102981,New York,New York,40.8011,-73.9371
149223,Saint Paul,Minnesota,44.9684,-93.0488
133123,Thomasville,North Carolina,35.8713,-80.0913
123932,Dallas,Texas,32.7244,-96.6755
145240,Houston,Texas,29.9781,-95.5803
114174,Malden,Massachusetts,42.4291,-71.0605
108987,Houston,Texas,29.6984,-95.5405
110009,Seattle,Washington,47.6733,-122.3426
115455,Wheeling,Illinois,42.134,-87.9341
153101,Santa Ana,California,33.7249,-117.909
131499,New York,New York,40.7402,-73.9996
108868,Richardson,Texas,32.9462,-96.7058
103709,Visalia,California,36.3114,-119.3065
113516,Lancaster,California,34.6909,-118.1491
155138,Monroe,North Carolina,35.0178,-80.5372
137176,Dallas,Texas,32.8681,-96.8622
110023,New York,New York,40.7864,-73.9764
112893,Stockton,California,38.0024,-121.3238
146206,Houston,Texas,29.8941,-95.6481
164350,Bristol,Tennessee,36.5686,-82.1819
126102,Los Angeles,California,34.066,-118.474
165918,Edmonds,Washington,47.8353,-122.327
118780,New York,New York,40.7402,-73.9996
112277,Fort Lauderdale,Florida,26.1421,-80.1728
143476,Phoenix,Arizona,33.6324,-112.1118
164154,Toledo,Ohio,41.6492,-83.6706
116561,San Jose,California,37.2458,-121.8306
150007,Chicago,Illinois,41.8196,-87.6126
130225,Houston,Texas,29.8602,-95.5817
102162,Newport News,Virginia,37.1132,-76.5179
121223,Philadelphia,Pennsylvania,39.9448,-75.2288
145625,La Jolla,California,32.8455,-117.2521
153157,Wichita,Kansas,37.7007,-97.4383
123946,Springfield,Virginia,38.7449,-77.237
151148,Louisville,Colorado,39.9789,-105.1456
142902,Arvada,Colorado,39.8141,-105.1177
113082,Utica,New York,43.0871,-75.2315
128811,Seattle,Washington,47.6733,-122.3426
152457,Roseville,Michigan,42.5034,-82.9387
105732,Omaha,Nebraska,41.2919,-95.9999
153178,Long Beach,New York,40.5877,-73.6595
155439,Columbia,South Carolina,34.0635,-81.0265
116911,Twin Falls,Idaho,42.5565,-114.4693
160479,Seattle,Washington,47.6633,-122.3022
128678,Seattle,Washington,47.6633,-122.3022
149797,New York,New York,40.7402,-73.9996
149370,Philadelphia,Pennsylvania,40.0118,-75.1456
123337,San Jose,California,37.2458,-121.8306
162159,Columbus,Georgia,32.4779,-84.898
134369,Laguna Niguel,California,33.5145,-117.7084
159730,Seattle,Washington,47.6733,-122.3426
152415,Marlborough,Massachusetts,42.3509,-71.5434
164091,Bangor,Maine,44.8242,-68.7918
105900,Columbus,Indiana,39.2055,-85.9317
109806,Los Angeles,California,34.0699,-118.3492
111416,New York,New York,40.8011,-73.9371
148957,Redmond,Washington,47.6718,-122.1232
131093,Springfield,Ohio,39.9528,-83.7804
134208,Columbus,Georgia,32.4779,-84.898
133935,San Diego,California,32.7423,-117.0947
120355,New Rochelle,New York,40.9166,-73.7877
145905,Auburn,Alabama,32.5475,-85.4682
157511,Columbus,Ohio,40.0839,-82.9726
140928,Jacksonville,Florida,30.2787,-81.5831
106075,New York,New York,40.7262,-73.9796
111409,Jacksonville,Florida,30.2787,-81.5831
110086,Woodland,California,38.6816,-121.8052
156097,Aurora,Illinois,41.7582,-88.2971
168354,Providence,Rhode Island,41.8383,-71.4377
120250,Philadelphia,Pennsylvania,40.0118,-75.1456
102932,Orange,New Jersey,40.7692,-74.2355
168557,San Francisco,California,37.7593,-122.4836
114888,San Francisco,California,37.7917,-122.4186
130267,Stockton,California,38.0024,-121.3238
158610,Providence,Rhode Island,41.8383,-71.4377
142370,Columbus,Georgia,32.4779,-84.898
166772,Seattle,Washington,47.6633,-122.3022
134516,Greensboro,North Carolina,36.1214,-79.7733
145611,New York,New York,40.8011,-73.9371
100244,San Francisco,California,37.7593,-122.4836
126284,Grand Rapids,Michigan,43.012,-85.6309
125724,Broomfield,Colorado,39.9245,-105.0609
119641,Green Bay,Wisconsin,44.5025,-87.9771
155404,Louisville,Kentucky,38.1593,-85.778
120257,Philadelphia,Pennsylvania,40.0118,-75.1456
109743,Smyrna,Tennessee,35.9656,-86.5048
116232,Hollywood,Florida,26.0296,-80.2489
166653,Cleveland,Ohio,41.3853,-81.7044
151974,Philadelphia,Pennsylvania,39.9925,-75.1133
157728,Grand Rapids,Michigan,43.012,-85.6309
158617,Indianapolis,Indiana,39.8326,-86.0836
135965,New York,New York,40.8011,-73.9371
125724,South Central Saskatchewan (Fort Qu'Appelle),Saskatchewan,50.5767,-104.1
149979,Columbus,Georgia,32.4779,-84.898
159009,Seattle,Washington,47.6849,-122.2968
129469,Fairfield,Ohio,39.3266,-84.5479
124016,Lancaster,Ohio,39.7187,-82.6031
101742,New York,New York,40.7262,-73.9796
106656,La Jolla,California,32.8455,-117.2521
110730,Seattle,Washington,47.6849,-122.2968
100944,Los Angeles,California,34.066,-118.474
134488,Columbus,Ohio,40.0839,-82.9726
147340,San Francisco,California,37.7509,-122.4153
108875,Aurora,Colorado,39.6575,-104.7846
154235,Bloomington,Indiana,39.1401,-86.5083
141551,Broken Arrow,Oklahoma,36.0447,-95.8079
132479,Rockford,Illinois,42.2786,-89.0361
155187,Los Angeles,California,34.0762,-118.3029
148747,San Francisco,California,37.7509,-122.4153
125402,Long Beach,California,33.8635,-118.1801
124163,La Crosse,Wisconsin,43.7989,-91.2175
122245,Phoenix,Arizona,33.6324,-112.1118
113978,Cleveland,Ohio,41.4509,-81.619
101385,San Francisco,California,37.7917,-122.4186
140417,Portland,Oregon,45.4094,-122.8014
123722,Irving,Texas,32.8267,-96.9633
146794,Hesperia,California,34.4222,-117.3025
143406,Houston,Texas,29.8602,-95.5817
157945,Decatur,Illinois,39.8395,-88.9465
169957,Kent,Washington,47.368,-122.1206
145898,Redlands,California,34.065,-117.1672
149790,Houston,Texas,29.8941,-95.6481
132017,Houston,Texas,29.8602,-95.5817
157714,Iowa City,Iowa,41.6355,-91.5016
165820,San Francisco,California,37.7917,-122.4186
109260,Tallahassee,Florida,30.4874,-84.3189
192314,Beauport North,Quebec,46.9263,-71.2258
110170,Huntsville,Texas,30.6448,-95.5798
123176,Atlanta,Georgia,33.7865,-84.4454
163202,Lancaster,Ohio,39.7187,-82.6031
140249,Seattle,Washington,47.6733,-122.3426
134656,Quincy,Illinois,39.9307,-91.3763
161781,Columbus,Indiana,39.2055,-85.9317
108616,Mobile,Alabama,30.6817,-88.2945
106621,Yuma,Arizona,32.7015,-114.6424
138037,San Francisco,California,37.7917,-122.4186
134362,Philadelphia,Pennsylvania,40.0118,-75.1456
101497,Los Angeles,California,34.0116,-118.3411
125794,Los Angeles,California,34.0116,-118.3411
108056,Springfield,Oregon,44.0611,-123.0153
106243,New York,New York,40.7402,-73.9996
108644,Quincy,Illinois,39.9307,-91.3763
157686,San Francisco,California,37.7593,-122.4836
155992,La Porte,Indiana,41.5994,-86.7077
139157,New York,New York,40.7864,-73.9764
116918,Hialeah,Florida,25.8654,-80.3059
111794,Amarillo,Texas,35.1663,-101.8868
134376,New York,New York,40.7864,-73.9764
118689,Lafayette,Indiana,40.4001,-86.8602
118969,Phoenix,Arizona,33.6324,-112.1118
144939,New York,New York,40.8011,-73.9371
101672,Lake Forest,California,33.6437,-117.6868
103919,Grand Prairie,Texas,32.7115,-97.0069
140634,Houston,Texas,29.8941,-95.6481
145709,Miami,Florida,25.768,-80.2714
131296,Baltimore,Maryland,39.3446,-76.6794
140158,Providence,Rhode Island,41.8383,-71.4377
121601,The Colony,Texas,33.094,-96.8836
157490,Pueblo,Colorado,38.2879,-104.5848
115952,Tulsa,Oklahoma,36.0467,-95.8841
162614,Los Angeles,California,34.066,-118.474
139808,Marysville,Washington,48.0656,-122.1562
163216,Philadelphia,Pennsylvania,39.9448,-75.2288
155033,Los Angeles,California,34.0818,-118.1753
127649,Spokane,Washington,47.6977,-117.3746
126844,Houston,Texas,29.9781,-95.5803
149685,San Antonio,Texas,29.4229,-98.526
162026,Los Angeles,California,34.0699,-118.3492
135636,Charlotte,North Carolina,35.22,-80.7881
114748,Phoenix,Arizona,33.6324,-112.1118
128909,Philadelphia,Pennsylvania,39.9448,-75.2288
116974,Troy,Ohio,40.0374,-84.2032
157707,Denver,Colorado,39.6956,-105.0341
126627,La Porte,Texas,29.6884,-95.0513
150357,Greensboro,North Carolina,36.1214,-79.7733
126627,Winnipeg (Assiniboine South / Betsworth),Manitoba,49.8546,-97.2874
113390,Chicago,Illinois,41.9033,-87.6336
100839,Aurora,Colorado,39.6575,-104.7846
145583,Roseville,California,38.7346,-121.234
154018,Laredo,Texas,27.5569,-99.4907
101161,New York,New York,40.7864,-73.9764
156503,Jacksonville,North Carolina,34.7375,-77.4628
113607,New York,New York,40.7262,-73.9796
108098,Seattle,Washington,47.6849,-122.2968
125220,Appleton,Wisconsin,44.2425,-88.3564
142097,Springfield,Virginia,38.7449,-77.237
124352,Oklahoma City,Oklahoma,35.5835,-97.5638
125738,Salt Lake City,Utah,40.7056,-111.8548
132066,New York,New York,40.7402,-73.9996
152688,Perth Amboy,New Jersey,40.5176,-74.2754
163972,Fresno,California,36.7528,-119.7061
147256,Columbia,Missouri,38.9348,-92.3639
141586,San Francisco,California,37.7593,-122.4836
159856,Tempe,Arizona,33.4227,-111.9261
174514,Vancouver (North West End / Stanley Park),British Columbia,49.299,-123.1408
139549,El Cajon,California,32.7928,-116.9665
133697,Houston,Texas,29.8941,-95.6481
105753,Arlington,Virginia,38.859,-77.0997
106341,Newark,Ohio,40.0724,-82.4046
168921,Los Angeles,California,34.066,-118.474
160220,Trenton,Michigan,42.1382,-83.2179
155516,Manchester,Connecticut,41.7777,-72.5244
161746,Los Angeles,California,33.9631,-118.3941
136322,Fort Lauderdale,Florida,26.1421,-80.1728
125080,Lakewood,Ohio,41.4847,-81.8018
138478,North Las Vegas,Nevada,36.2589,-115.1718
151169,Newark,Delaware,39.7011,-75.7375
112340,Riverside,California,33.9208,-117.4589
144729,La Jolla,California,32.8455,-117.2521
169334,Jackson,Tennessee,35.6102,-88.814
166373,San Antonio,Texas,29.4229,-98.526
111493,Baltimore,Maryland,39.3446,-76.6794
133669,Columbus,Ohio,40.0839,-82.9726
165148,Detroit,Michigan,42.3883,-83.1937
169887,Seattle,Washington,47.6633,-122.3022
116400,Richmond,Virginia,37.5477,-77.3948
165484,Chicago,Illinois,41.9033,-87.6336
151323,Seattle,Washington,47.6733,-122.3426
132661,New York,New York,40.7864,-73.9764
158925,Houston,Texas,29.8602,-95.5817
118311,San Francisco,California,37.7509,-122.4153
166275,San Francisco,California,37.7917,-122.4186
121748,Los Angeles,California,34.0818,-118.1753
121020,Lebanon,Tennessee,36.2098,-86.3024
153318,Miami,Florida,25.9597,-80.1403
116596,New York,New York,40.7402,-73.9996
120873,Hampton,Virginia,37.0462,-76.4096
152632,Troy,New York,42.7287,-73.6683
156811,San Francisco,California,37.7593,-122.4836
117387,San Francisco,California,37.7593,-122.4836
144344,Boynton Beach,Florida,26.5312,-80.1418
142545,Belleville,New Jersey,40.7946,-74.1631
120369,Rochester,New York,43.174,-77.5637
125815,New York,New York,40.7262,-73.9796
140641,Tampa,Florida,28.0091,-82.5034
134775,San Francisco,California,37.7917,-122.4186
144393,Greenville,North Carolina,35.6192,-77.3975
130162,Los Angeles,California,34.0818,-118.1753
146682,Lansing,Michigan,42.6797,-84.5772
112389,Bridgeton,New Jersey,39.3762,-75.1617
131912,Los Angeles,California,34.0116,-118.3411
167290,Sterling Heights,Michigan,42.5648,-83.0701
153836,New York,New York,40.7402,-73.9996
105291,San Luis Obispo,California,35.2901,-120.6817
119165,Philadelphia,Pennsylvania,39.9448,-75.2288
146913,San Francisco,California,37.7917,-122.4186
140130,Tulsa,Oklahoma,36.0467,-95.8841
142251,Hollywood,Florida,26.0218,-80.1891
144218,Los Angeles,California,33.9631,-118.3941
159212,Salem,Virginia,37.2853,-80.0692
100671,Conroe,Texas,30.3125,-95.4527
129196,Chicago,Illinois,41.9033,-87.6336
114972,Los Angeles,California,34.0818,-118.1753
134180,Philadelphia,Pennsylvania,40.0343,-75.1213
168893,Henderson,Kentucky,37.8274,-87.5632
109365,Los Angeles,California,34.066,-118.474
128867,Urbandale,Iowa,41.6295,-93.723
127250,Marysville,Washington,48.0656,-122.1562
159023,Portland,Oregon,45.484,-122.5973
160136,Dallas,Texas,32.7244,-96.6755
163328,Eugene,Oregon,44.0185,-123.0998
111563,Houston,Texas,29.8602,-95.5817
165827,Miami,Florida,25.9597,-80.1403
163755,Seattle,Washington,47.6733,-122.3426
166443,San Francisco,California,37.7593,-122.4836
162236,Charlotte,North Carolina,35.22,-80.7881
146766,Chula Vista,California,32.6084,-117.0565
119018,Los Angeles,California,34.0762,-118.3029
143308,Louisville,Kentucky,38.1593,-85.778
158260,La Jolla,California,32.8455,-117.2521
131611,Houston,Texas,29.6984,-95.5405
144092,San Jose,California,37.2458,-121.8306
157280,Virginia Beach,Virginia,36.7978,-76.1759
165078,Indianapolis,Indiana,39.8326,-86.0836
148908,San Francisco,California,37.7917,-122.4186
140207,San Jose,California,37.2458,-121.8306
143441,Laredo,Texas,27.5569,-99.4907
125094,Seattle,Washington,47.6633,-122.3022
106677,Philadelphia,Pennsylvania,39.9925,-75.1133
153815,Jacksonville,Florida,30.2787,-81.5831
125969,Los Angeles,California,34.0762,-118.3029
109925,San Diego,California,32.7423,-117.0947
152247,Cheyenne,Wyoming,41.1437,-104.7962
116337,Dallas,Texas,32.8681,-96.8622
147585,San Francisco,California,37.7509,-122.4153
161669,Los Angeles,California,34.0699,-118.3492
116379,San Francisco,California,37.7593,-122.4836
113817,Seattle,Washington,47.6849,-122.2968
132997,Rochester,New York,43.174,-77.5637
139388,Lakewood,New Jersey,40.085,-74.2042
164896,Oceanside,California,33.2072,-117.3573
144554,Newark,Ohio,40.0724,-82.4046
168830,San Francisco,California,37.7593,-122.4836
152156,Henderson,Kentucky,37.8274,-87.5632
138233,Oakland,California,37.7806,-122.2166
140935,Oklahoma City,Oklahoma,35.5835,-97.5638
145177,Springfield,Ohio,39.9528,-83.7804
158694,Los Angeles,California,34.0699,-118.3492
119935,Springfield,Missouri,37.1668,-93.3085
162348,Sacramento,California,38.4797,-121.4438
137736,Warner Robins,Georgia,32.5934,-83.6416
125164,New York,New York,40.7402,-73.9996
127761,New York,New York,40.7262,-73.9796
105494,San Francisco,California,37.7593,-122.4836
163384,San Francisco,California,37.7593,-122.4836
136581,Troy,Ohio,40.0374,-84.2032
152940,San Francisco,California,37.7509,-122.4153
115588,Toledo,Ohio,41.6492,-83.6706
144547,Houston,Texas,29.6984,-95.5405
145548,New York,New York,40.7402,-73.9996
124506,Chicago,Illinois,41.849,-87.7157
116722,San Francisco,California,37.7509,-122.4153
130799,San Francisco,California,37.7509,-122.4153
164196,Noblesville,Indiana,40.0563,-86.0163
131968,Apopka,Florida,28.712,-81.5136
103128,Arlington Heights,Illinois,42.112,-87.9792
124667,New York,New York,40.7402,-73.9996
139878,Detroit,Michigan,42.4337,-83.0434
124590,Cleveland,Ohio,41.3853,-81.7044
149349,Chicago,Illinois,41.849,-87.7157
164399,Encinitas,California,33.0535,-117.2689
152170,La Porte,Indiana,41.5994,-86.7077
134348,Mesa,Arizona,33.3992,-111.7896
128972,Oklahoma City,Oklahoma,35.5835,-97.5638
149461,Auburn,Washington,47.305,-122.2067
147683,Seattle,Washington,47.6733,-122.3426
155488,Vancouver,Washington,45.6418,-122.6251
101336,New York,New York,40.7402,-73.9996
162103,Highland Park,Illinois,42.1794,-87.8059
113677,New York,New York,40.7402,-73.9996
118570,Philadelphia,Pennsylvania,39.9448,-75.2288
121958,Thomasville,North Carolina,35.8713,-80.0913
121370,Philadelphia,Pennsylvania,39.9925,-75.1133
118759,New York,New York,40.7262,-73.9796
117541,Newark,Delaware,39.7011,-75.7375
166618,New York,New York,40.8011,-73.9371
112970,Los Angeles,California,34.066,-118.474
134691,Houston,Texas,29.8602,-95.5817
131065,Atlanta,Georgia,33.7865,-84.4454
149482,San Francisco,California,37.7509,-122.4153
144351,Baltimore,Maryland,39.3446,-76.6794
130820,Burlington,North Carolina,36.1288,-79.4114
146633,Los Angeles,California,34.066,-118.474
105963,Los Angeles,California,34.0116,-118.3411
148740,Encinitas,California,33.0535,-117.2689
124527,Roseville,California,38.7346,-121.234
154508,Carlsbad,New Mexico,32.4119,-104.2395
150658,Carlsbad,New Mexico,32.4119,-104.2395
134110,The Colony,Texas,33.094,-96.8836
118500,San Francisco,California,37.7593,-122.4836
115378,Taylor,Michigan,42.2317,-83.2673
119963,Pasadena,Texas,29.7009,-95.1989
166226,Los Angeles,California,34.0116,-118.3411
158575,Kent,Ohio,41.1449,-81.3498
108630,Concord,California,37.9575,-121.975
136812,Oklahoma City,Oklahoma,35.5835,-97.5638
103464,San Diego,California,32.7423,-117.0947
138408,Huntsville,Alabama,34.7784,-86.6091
110156,Houston,Texas,29.8602,-95.5817
126858,Seattle,Washington,47.6849,-122.2968
130778,Long Beach,New York,40.5877,-73.6595
111143,Indianapolis,Indiana,39.743,-86.1179
157364,Jacksonville,North Carolina,34.7375,-77.4628
113138,Niagara Falls,New York,43.0908,-78.9644
164511,New York,New York,40.7864,-73.9764
113845,Orlando,Florida,28.4871,-81.4082
110772,Columbus,Ohio,40.0839,-82.9726
127971,Houston,Texas,29.8941,-95.6481
145492,Los Angeles,California,34.0762,-118.3029
100041,Columbus,Indiana,39.2055,-85.9317
109820,Cincinnati,Ohio,39.2418,-84.5437
121356,Newark,Delaware,39.7011,-75.7375
114104,Edmond,Oklahoma,35.6665,-97.4798
142615,Montebello,California,34.0133,-118.113
107790,Houston,Texas,29.8602,-95.5817
113425,New York,New York,40.7262,-73.9796
140018,Columbus,Ohio,40.0839,-82.9726
114293,Gresham,Oregon,45.5154,-122.4203
114895,New York,New York,40.8011,-73.9371
146157,Chicago,Illinois,41.9033,-87.6336
114482,Des Moines,Iowa,41.5444,-93.6192
152646,Los Angeles,California,34.066,-118.474
154711,New York,New York,40.7262,-73.9796
132577,Houston,Texas,29.8941,-95.6481
164945,New York,New York,40.7262,-73.9796
131576,Detroit,Michigan,42.4313,-82.9813
160129,Philadelphia,Pennsylvania,40.0118,-75.1456
123533,Hialeah,Florida,25.8654,-80.3059
163881,Los Angeles,California,34.0699,-118.3492
100468,Los Angeles,California,33.9631,-118.3941
123806,Baltimore,Maryland,39.3446,-76.6794
113726,Seattle,Washington,47.6633,-122.3022
128531,Dallas,Texas,32.7244,-96.6755
124485,New York,New York,40.8011,-73.9371
163573,Seattle,Washington,47.6633,-122.3022
125661,Cleveland,Ohio,41.4509,-81.619
105284,Philadelphia,Pennsylvania,39.9448,-75.2288
100083,Medford,Oregon,42.3363,-122.8398
165561,Bellevue,Washington,47.5614,-122.1552
132731,Richardson,Texas,32.9462,-96.7058
113341,Los Angeles,California,34.0818,-118.1753
169838,Jackson,Michigan,42.2545,-84.3875
108196,Lancaster,Ohio,39.7187,-82.6031
165470,Jacksonville,Florida,30.2787,-81.5831
160535,Plainfield,New Jersey,40.6152,-74.415
132549,Huntsville,Alabama,34.7784,-86.6091
119298,Jonesboro,Arkansas,35.833,-90.6965
107104,Los Angeles,California,33.9631,-118.3941
130288,New York,New York,40.7402,-73.9996
106915,El Paso,Texas,31.7089,-106.3293
158309,Miami,Florida,25.813,-80.232
133711,Mobile,Alabama,30.6817,-88.2945
129693,Seattle,Washington,47.6633,-122.3022
158288,Philadelphia,Pennsylvania,40.0343,-75.1213
145135,Shelton,Connecticut,41.3047,-73.1294
126893,Philadelphia,Pennsylvania,39.9925,-75.1133
159639,Westfield,New Jersey,40.6479,-74.3451
104276,Fort Lauderdale,Florida,26.1421,-80.1728
162313,Lincoln Park,Michigan,42.2422,-83.1807
117583,East Orange,New Jersey,40.7696,-74.2077
144911,Overland Park,Kansas,38.9568,-94.6832
114230,Phoenix,Arizona,33.6324,-112.1118
129686,Chicago,Illinois,41.849,-87.7157
152121,Scottsdale,Arizona,33.6165,-111.9554
127243,Philadelphia,Pennsylvania,40.0118,-75.1456
163167,Marietta,Georgia,34.0025,-84.4633
105018,Fairfield,Connecticut,41.1692,-73.2681
123617,Palm Coast,Florida,29.5565,-81.219
160241,Aurora,Illinois,41.7582,-88.2971
131674,Dallas,Texas,32.7244,-96.6755
156748,Detroit,Michigan,42.3883,-83.1937
134761,Hickory,North Carolina,35.7576,-81.3289
113621,Rockville,Maryland,39.0496,-77.1204
130393,San Angelo,Texas,31.4707,-100.4386
157336,Fairfield,Connecticut,41.1692,-73.2681
155768,Oxnard,California,34.2141,-119.175
136434,Richmond,Indiana,39.8324,-84.8936
142594,Franklin,Massachusetts,42.0935,-71.4058
150035,San Francisco,California,37.7593,-122.4836
143805,Richmond,Virginia,37.5477,-77.3948
136483,Knoxville,Tennessee,36.0501,-83.9226
104689,Los Angeles,California,34.0762,-118.3029
129903,Rochester,Minnesota,44.0496,-92.4896
127698,Raleigh,North Carolina,35.8334,-78.5799
164770,Houston,Texas,29.6984,-95.5405
113985,San Jose,California,37.2458,-121.8306
163804,Providence,Rhode Island,41.8383,-71.4377
105354,Marion,Iowa,42.0411,-91.5941
155103,New York,New York,40.7864,-73.9764
108455,San Francisco,California,37.7593,-122.4836
143154,Longmont,Colorado,40.1779,-105.1009
133541,Halifax Lower Harbour,Nova Scotia,44.6344,-63.5822
124574,Dieppe Moncton East,New Brunswick,46.0967,-64.7087
111254,Dieppe Moncton East,New Brunswick,46.0967,-64.7087
149762,Morgan Hill,California,37.1353,-121.6501
150861,Oceanside,New York,40.6362,-73.6375
122063,Richmond,Indiana,39.8324,-84.8936
153598,Los Angeles,California,33.9631,-118.3941
161683,Philadelphia,Pennsylvania,39.9925,-75.1133
161025,Los Angeles,California,34.066,-118.474
126004,New York,New York,40.7864,-73.9764
105277,Auburn,New York,42.93,-76.5626
112060,San Francisco,California,37.7917,-122.4186
139885,New York,New York,40.8011,-73.9371
143749,Franklin,Massachusetts,42.0935,-71.4058
114489,Franklin,Wisconsin,42.9017,-88.0086
146374,Newark,Delaware,39.7011,-75.7375
124772,Murray,Kentucky,36.6099,-88.3032
140564,Washington,District of Columbia,38.9381,-77.086
163636,Chicago,Illinois,41.849,-87.7157
161389,Seattle,Washington,47.6733,-122.3426
145009,Chicago,Illinois,41.9033,-87.6336
109722,Georgetown,Kentucky,38.2117,-84.5562
108434,New York,New York,40.7864,-73.9764
103674,Los Angeles,California,34.0818,-118.1753
169040,Seattle,Washington,47.6633,-122.3022
162390,Hempstead,New York,40.7049,-73.6176
114776,Antioch,California,37.9939,-121.8089
160108,Eau Claire,Wisconsin,44.8346,-91.5159
117590,Richardson,Texas,32.966,-96.7452
131289,San Francisco,California,37.7509,-122.4153
124562,Columbus,Ohio,40.0839,-82.9726
158302,Columbus,Ohio,40.0839,-82.9726
115224,San Francisco,California,37.7509,-122.4153
113733,Greenville,North Carolina,35.6192,-77.3975
134425,Saint Paul,Minnesota,44.9684,-93.0488
161844,Franklin,Tennessee,35.9328,-86.8788
102092,Springfield,Virginia,38.7449,-77.237
137330,Fremont,Nebraska,41.4416,-96.4945
133340,Jackson,Michigan,42.2545,-84.3875
131114,Chicago,Illinois,41.9033,-87.6336
128923,Fort Worth,Texas,32.7968,-97.356
149503,Stockton,California,38.0024,-121.3238
141082,Lawrence,Massachusetts,42.7115,-71.167
159989,Franklin,Tennessee,35.9328,-86.8788
141082,Pointe-Aux-Trembles,Quebec,45.6753,-73.5016
154739,San Francisco,California,37.7917,-122.4186
143448,Greenwood,Indiana,39.6224,-86.149
128412,Seattle,Washington,47.6633,-122.3022
144309,Watertown,New York,43.9743,-75.9122
146941,New York,New York,40.7864,-73.9764
147123,Long Beach,California,33.8635,-118.1801
127194,New York,New York,40.7864,-73.9764
100587,New York,New York,40.7864,-73.9764
124626,Southeastern Avalon Peninsula (Ferryland),Newfoundland and Labrador,47.2195,-53.1448
162187,Columbus,Ohio,40.0839,-82.9726
165330,Anaheim,California,33.8186,-117.9729
143609,Portland,Oregon,45.484,-122.5973
160745,Vancouver,Washington,45.6418,-122.6251
151260,Springfield,Ohio,39.9528,-83.7804
132857,Smyrna,Tennessee,35.9656,-86.5048
105816,New York,New York,40.7864,-73.9764
148803,Homestead,Florida,25.4766,-80.4839
135720,Aurora,Colorado,39.6575,-104.7846
139395,Jackson,Michigan,42.2545,-84.3875
136686,Pasadena,California,34.1678,-118.1261
169824,New York,New York,40.7262,-73.9796
108777,Lorain,Ohio,41.4578,-82.171
169369,Columbus,Georgia,32.4779,-84.898
142958,Torrance,California,33.8397,-118.3542
102792,Riverside,California,33.9208,-117.4589
100153,Norman,Oklahoma,35.233,-97.4067
146325,La Jolla,California,32.8455,-117.2521
146143,Jackson,Mississippi,32.2435,-90.2612
129126,New York,New York,40.7402,-73.9996
116442,Los Angeles,California,34.0762,-118.3029
142335,Detroit,Michigan,42.4313,-82.9813
127334,Springfield,Oregon,44.0611,-123.0153
113600,Cuyahoga Falls,Ohio,41.1401,-81.479
100307,Fayetteville,Arkansas,36.052,-94.1534
135480,Beauport North,Quebec,46.9263,-71.2258
118332,Apple Valley,California,34.5291,-117.2132
130442,Goldsboro,North Carolina,35.3664,-77.9221
100419,Chicago,Illinois,41.9033,-87.6336
104794,New York,New York,40.7262,-73.9796
155446,Encinitas,California,33.0535,-117.2689
155530,San Francisco,California,37.7593,-122.4836
117121,Detroit,Michigan,42.4313,-82.9813
131639,Carlsbad,New Mexico,32.4119,-104.2395
147109,Arlington,Texas,32.6555,-97.1599
155383,Seattle,Washington,47.6849,-122.2968
138597,Omaha,Nebraska,41.2919,-95.9999
147067,Minneapolis,Minnesota,44.9378,-93.2545
133795,La Jolla,California,32.8455,-117.2521
145919,Los Angeles,California,34.0818,-118.1753
145261,Salem,Oregon,44.949,-123.004
112697,Fort Lauderdale,Florida,26.1848,-80.2406
101546,Morristown,New Jersey,40.7952,-74.4873
150945,New York,New York,40.7262,-73.9796
139934,San Francisco,California,37.7509,-122.4153
118129,Reading,Pennsylvania,40.3466,-75.9351
134936,Tucson,Arizona,32.2691,-110.9845
141523,New York,New York,40.8011,-73.9371
108364,Chicago,Illinois,41.849,-87.7157
151155,Jackson,Mississippi,32.2435,-90.2612
157840,Fremont,Nebraska,41.4416,-96.4945
168536,Jackson,Mississippi,32.2435,-90.2612
114860,Moreno Valley,California,33.9157,-117.2351
167507,Redmond,Oregon,44.2767,-121.1896
149916,Seattle,Washington,47.6849,-122.2968
103359,New York,New York,40.8011,-73.9371
115574,Chicago,Illinois,41.849,-87.7157
132829,Houston,Texas,29.8602,-95.5817
137043,Springfield,Virginia,38.7449,-77.237
135776,Seattle,Washington,47.6733,-122.3426
136049,Bowling Green,Ohio,41.3815,-83.6507
157868,Grand Rapids,Michigan,43.012,-85.6309
114867,Philadelphia,Pennsylvania,39.9448,-75.2288
157791,Warwick,Rhode Island,41.7026,-71.4476
101651,San Jose,California,37.2458,-121.8306
157259,New York,New York,40.8011,-73.9371
168620,Charlotte,North Carolina,35.22,-80.7881
123526,Seattle,Washington,47.6733,-122.3426
140438,New York,New York,40.7262,-73.9796
105081,Seattle,Washington,47.6849,-122.2968
169670,New York,New York,40.7262,-73.9796
110975,New York,New York,40.7864,-73.9764
109827,Phoenix,Arizona,33.6324,-112.1118
101168,Nashua,New Hampshire,42.7564,-71.4667
148684,Fayetteville,Arkansas,36.052,-94.1534
111941,New York,New York,40.8011,-73.9371
116729,Los Angeles,California,34.066,-118.474
129868,Los Angeles,California,34.0762,-118.3029
155166,Vineland,New Jersey,39.4818,-75.0091
151512,Denver,Colorado,39.6956,-105.0341
114538,Colorado Springs,Colorado,38.7902,-104.8199
123015,New York,New York,40.7864,-73.9764
153129,Seattle,Washington,47.6633,-122.3022
147536,New York,New York,40.7864,-73.9764
162852,Woodstock,Illinois,42.3198,-88.4477
102596,Akron,Ohio,41.0334,-81.4385
131058,Santa Ana,California,33.7249,-117.909
111605,Louisville,Kentucky,38.1593,-85.778
162726,Port Arthur,Texas,29.9212,-93.927
138667,Lancaster,Ohio,39.7187,-82.6031
156300,Milwaukee,Wisconsin,43.1188,-87.9478
122017,Wichita,Kansas,37.7007,-97.4383
163258,Los Angeles,California,33.9631,-118.3941
139689,Bristol,Tennessee,36.5686,-82.1819
157742,Springfield,Oregon,44.0611,-123.0153
135209,Miami,Florida,25.8141,-80.3549
124051,Aurora,Illinois,41.7582,-88.2971
112578,Sacramento,California,38.4797,-121.4438
105746,Lancaster,Pennsylvania,40.0335,-76.2844
163951,Philadelphia,Pennsylvania,40.0118,-75.1456
111528,Los Angeles,California,34.0818,-118.1753
117226,Deer Park,Texas,29.6826,-95.1222
117660,Columbus,Ohio,40.0839,-82.9726
160486,West Palm Beach,Florida,26.7492,-80.0725
165953,Jacksonville,Florida,30.2787,-81.5831
160395,Reno,Nevada,39.4972,-119.7764
156139,San Francisco,California,37.7917,-122.4186
105830,Lancaster,Ohio,39.7187,-82.6031
100202,Anaheim,California,33.8186,-117.9729
151750,Huntsville,Texas,30.6448,-95.5798
144463,Los Angeles,California,34.0699,-118.3492
107503,Lorain,Ohio,41.4578,-82.171
154466,Franklin,Wisconsin,42.9017,-88.0086
147207,El Paso,Texas,31.7089,-106.3293
113481,Jacksonville,North Carolina,34.7375,-77.4628
118668,Los Angeles,California,34.0818,-118.1753
111738,San Francisco,California,37.7509,-122.4153
114034,Rancho Cucamonga,California,34.107,-117.5941
150931,Tuscaloosa,Alabama,33.1969,-87.5627
168690,Ormond Beach,Florida,29.2833,-81.0882
123862,Long Beach,California,33.8635,-118.1801
159366,Detroit,Michigan,42.4313,-82.9813
115154,Seattle,Washington,47.6849,-122.2968
154760,Philadelphia,Pennsylvania,40.0118,-75.1456
158512,Washington,District of Columbia,38.9381,-77.086
148551,Dallas,Texas,32.7244,-96.6755
108000,San Francisco,California,37.7509,-122.4153
167402,Springfield,Missouri,37.1668,-93.3085
113278,Richmond,Indiana,39.8324,-84.8936
127306,Johnson City,Tennessee,36.3107,-82.381
138779,Jacksonville,North Carolina,34.7375,-77.4628
149076,Los Angeles,California,34.0699,-118.3492
106131,Aurora,Colorado,39.6575,-104.7846
167752,Philadelphia,Pennsylvania,39.9925,-75.1133
160934,Los Angeles,California,34.0116,-118.3411
104661,Austin,Texas,30.2063,-97.7956
152961,Quincy,Massachusetts,42.2491,-70.9978
138289,Jackson,Michigan,42.2545,-84.3875
125913,Los Angeles,California,34.0116,-118.3411
121451,Pointe-Aux-Trembles,Quebec,45.6753,-73.5016
153045,Philadelphia,Pennsylvania,40.0118,-75.1456
127292,Burlington,Vermont,44.484,-73.2199
154718,Keller,Texas,32.9276,-97.2489
157252,New York,New York,40.7864,-73.9764
120649,Waterbury,Connecticut,41.5511,-73.0645
144589,San Francisco,California,37.7593,-122.4836
152079,Chicago,Illinois,41.8196,-87.6126
161809,Los Angeles,California,33.9631,-118.3941
131954,Seattle,Washington,47.6849,-122.2968
127026,Jackson,Michigan,42.2545,-84.3875
160423,Charlotte,North Carolina,35.22,-80.7881
141782,Aurora,Illinois,41.7582,-88.2971
152499,Chicago,Illinois,41.849,-87.7157
127432,Great Falls,Montana,47.495,-111.2502
145142,Detroit,Michigan,42.4337,-83.0434
139080,Seattle,Washington,47.6733,-122.3426
161893,Tucson,Arizona,32.2691,-110.9845
104619,San Jose,California,37.2458,-121.8306
119669,Smyrna,Georgia,33.8796,-84.5023
105935,Columbus,Georgia,32.4779,-84.898
134649,Birmingham,Alabama,33.3538,-86.8254
150469,San Francisco,California,37.7917,-122.4186
164098,Houston,Texas,29.9781,-95.5803
117870,Kent,Ohio,41.1449,-81.3498
104437,New York,New York,40.8011,-73.9371
115994,Costa Mesa,California,33.6483,-117.9155
147984,Wichita,Kansas,37.7007,-97.4383
166037,New York,New York,40.7262,-73.9796
160927,Marion,Iowa,42.0411,-91.5941
139304,San Francisco,California,37.7917,-122.4186
145338,Philadelphia,Pennsylvania,40.0343,-75.1213
127341,Chicago,Illinois,41.8196,-87.6126
131653,New York,New York,40.7402,-73.9996
112725,San Francisco,California,37.7509,-122.4153
148999,Miami,Florida,25.813,-80.232
104220,Des Moines,Iowa,41.5444,-93.6192
121790,Aurora,Illinois,41.7582,-88.2971
164329,San Francisco,California,37.7917,-122.4186
157273,Seattle,Washington,47.6633,-122.3022
128076,San Diego,California,32.7423,-117.0947
161333,Los Angeles,California,33.9631,-118.3941
164147,Columbus,Ohio,40.0839,-82.9726
127474,Chicago,Illinois,41.9033,-87.6336
126354,Hollywood,Florida,26.0296,-80.2489
167703,Cincinnati,Ohio,39.2418,-84.5437
169474,Rochester,New York,43.174,-77.5637
107517,Torrance,California,33.8397,-118.3542
131282,Waco,Texas,31.5171,-97.1198
115105,New York,New York,40.7864,-73.9764
122994,Arlington,Virginia,38.859,-77.0997
101840,New York,New York,40.7864,-73.9764
154102,San Francisco,California,37.7917,-122.4186
118773,Houston,Texas,29.9781,-95.5803
150602,Los Angeles,California,33.9631,-118.3941
145807,Los Angeles,California,34.0818,-118.1753
124086,Laguna Niguel,California,33.5145,-117.7084
123659,Clinton,Maryland,38.7549,-76.9026
131828,Seattle,Washington,47.6633,-122.3022
138156,Columbus,Ohio,40.0839,-82.9726
116204,San Francisco,California,37.7509,-122.4153
118535,New York,New York,40.7864,-73.9764
104801,Seattle,Washington,47.6633,-122.3022
154809,Minneapolis,Minnesota,44.9378,-93.2545
151176,Baltimore,Maryland,39.3446,-76.6794
104906,New York,New York,40.7262,-73.9796
163265,Decatur,Illinois,39.8395,-88.9465
118521,New York,New York,40.8011,-73.9371
120019,Fairfield,Connecticut,41.1692,-73.2681
159149,Houston,Texas,29.8602,-95.5817
109085,Troy,Ohio,40.0374,-84.2032
154039,Chicago,Illinois,41.8196,-87.6126
132647,Perth Amboy,New Jersey,40.5176,-74.2754
163195,Lafayette,Louisiana,30.2077,-92.0656
164707,Los Angeles,California,33.9631,-118.3941
134838,Los Angeles,California,33.9631,-118.3941
122693,Roswell,Georgia,34.0213,-84.3104
166415,Seattle,Washington,47.6733,-122.3426
135937,Gilbert,Arizona,33.3527,-111.7809
105809,San Diego,California,32.7423,-117.0947
150525,Muskogee,Oklahoma,35.7411,-95.3449
105445,Louisville,Colorado,39.9789,-105.1456
124940,Carrollton,Texas,33.0033,-96.882
136007,Seattle,Washington,47.6849,-122.2968
104647,Los Angeles,California,34.0116,-118.3411
111374,Philadelphia,Pennsylvania,39.9925,-75.1133
127397,Philadelphia,Pennsylvania,39.9925,-75.1133
134642,Greenville,North Carolina,35.6192,-77.3975
125878,Chicago,Illinois,41.849,-87.7157
117212,Los Angeles,California,34.0699,-118.3492
121258,Costa Mesa,California,33.6483,-117.9155
121706,Santa Barbara,California,34.4197,-119.7078
101959,Middletown,Connecticut,41.5569,-72.6652
104885,Newark,Delaware,39.7011,-75.7375
152261,Cuyahoga Falls,Ohio,41.1401,-81.479
146024,Richardson,Texas,32.9462,-96.7058
124114,Waco,Texas,31.5171,-97.1198
155712,Los Angeles,California,34.0116,-118.3411
163902,Los Angeles,California,33.9631,-118.3941
111815,Dearborn Heights,Michigan,42.3353,-83.2864
123085,Los Angeles,California,34.0116,-118.3411
117513,Los Angeles,California,34.0762,-118.3029
121804,Murray,Kentucky,36.6099,-88.3032
127621,Richardson,Texas,32.9462,-96.7058
119816,Houston,Texas,29.8941,-95.6481
110478,Los Angeles,California,33.9631,-118.3941
142174,Houston,Texas,29.8602,-95.5817
161046,Southaven,Mississippi,34.9771,-89.9992
168123,Rochester,Minnesota,44.0496,-92.4896
147753,Milwaukee,Wisconsin,43.1188,-87.9478
168193,New York,New York,40.7402,-73.9996
148642,Dallas,Texas,32.8681,-96.8622
167640,San Francisco,California,37.7917,-122.4186
119039,San Francisco,California,37.7917,-122.4186
125101,San Francisco,California,37.7917,-122.4186
110884,New York,New York,40.8011,-73.9371
136672,Clinton,Maryland,38.7549,-76.9026
155698,Columbus,Georgia,32.4779,-84.898
104080,Anaheim,California,33.8186,-117.9729
147354,Los Angeles,California,34.0116,-118.3411
102834,San Francisco,California,37.7509,-122.4153
144638,Chester,Pennsylvania,39.8498,-75.3747
132290,Dallas,Texas,32.7244,-96.6755
155824,Raleigh,North Carolina,35.8334,-78.5799
140494,San Francisco,California,37.7917,-122.4186
130967,Philadelphia,Pennsylvania,40.0118,-75.1456
133081,Cambridge,Massachusetts,42.377,-71.1256
141558,Philadelphia,Pennsylvania,40.0118,-75.1456
147291,Detroit,Michigan,42.3883,-83.1937
152786,Rogers,Arkansas,36.3363,-94.1148
116288,San Francisco,California,37.7593,-122.4836
159352,Lowell,Massachusetts,42.6344,-71.2983
157966,Chicago,Illinois,41.9033,-87.6336
153843,Fairfield,Connecticut,41.1692,-73.2681
107713,Columbia,Maryland,39.2141,-76.8788
106859,Albuquerque,New Mexico,35.0448,-106.6893
166296,Manteca,California,37.8134,-121.2132
105851,Denver,Colorado,39.6956,-105.0341
146906,New York,New York,40.7402,-73.9996
162474,Aurora,Illinois,41.7582,-88.2971
114370,Chicago,Illinois,41.849,-87.7157
161172,Columbus,Ohio,40.0839,-82.9726
129294,Los Angeles,California,34.0818,-118.1753
101539,Seattle,Washington,47.6633,-122.3022
152135,Lakewood,Ohio,41.4847,-81.8018
130494,"Kings and Queens counties (Elmira), Montague",Prince Edward Island,46.1668,-62.6487
140949,New York,New York,40.7402,-73.9996
129567,Lancaster,California,34.6909,-118.1491
142867,Houston,Texas,29.8941,-95.6481
129224,Knoxville,Tennessee,36.0501,-83.9226
119438,Tyler,Texas,32.3254,-95.2922
122007,Los Angeles,California,34.0818,-118.1753
160087,Dallas,Texas,32.8681,-96.8622
143084,Los Angeles,California,34.0116,-118.3411
148145,Seattle,Washington,47.6849,-122.2968
162075,Houston,Texas,29.8602,-95.5817
124436,Fresno,California,36.7528,-119.7061
140515,Los Angeles,California,34.0116,-118.3411
166499,Lakewood,New Jersey,40.085,-74.2042
105410,San Francisco,California,37.7509,-122.4153
104955,New York,New York,40.7864,-73.9764
154214,Columbus,Indiana,39.2055,-85.9317
122763,Houston,Texas,29.8602,-95.5817
143770,Middletown,Connecticut,41.5569,-72.6652
165491,Seattle,Washington,47.6849,-122.2968
119452,Tulsa,Oklahoma,36.0467,-95.8841
111591,Seattle,Washington,47.6633,-122.3022
156272,Pompano Beach,Florida,26.216,-80.2205
108539,Los Angeles,California,33.9631,-118.3941
117156,Reading,Pennsylvania,40.3466,-75.9351
169285,Lafayette,Indiana,40.4001,-86.8602
155985,San Francisco,California,37.7593,-122.4836
120719,Seattle,Washington,47.6633,-122.3022
140074,New York,New York,40.7864,-73.9764
140151,Seattle,Washington,47.6849,-122.2968
135650,Huntsville,Texas,30.6448,-95.5798
136511,New York,New York,40.7402,-73.9996
122308,New York,New York,40.7402,-73.9996
166184,New York,New York,40.8011,-73.9371
167101,New York,New York,40.7262,-73.9796
101637,Beaumont,Texas,30.0211,-94.1157
155880,Milwaukee,Wisconsin,43.1188,-87.9478
117534,Fresno,California,36.7528,-119.7061
143651,Seattle,Washington,47.6733,-122.3426
105193,New York,New York,40.7864,-73.9764
101077,Richardson,Texas,32.9462,-96.7058
112039,San Antonio,Texas,29.4229,-98.526
121251,New York,New York,40.7262,-73.9796
113208,Dearborn,Michigan,42.3349,-83.1801
141677,Houston,Texas,29.9781,-95.5803
147144,Seattle,Washington,47.6633,-122.3022
162033,Virginia Beach,Virginia,36.7978,-76.1759
144491,Houston,Texas,29.9781,-95.5803
139416,Philadelphia,Pennsylvania,40.0343,-75.1213
113705,Richmond,Virginia,37.5477,-77.3948
124716,Fresno,California,36.7528,-119.7061
147886,Fairfield,California,38.2671,-122.0357
166611,Jacksonville,Florida,30.2787,-81.5831
126550,Lafayette,Indiana,40.4001,-86.8602
126634,Lakewood,California,33.8512,-118.1457
120147,Los Angeles,California,34.0699,-118.3492
154851,Lancaster,Pennsylvania,40.0335,-76.2844
113474,Oklahoma City,Oklahoma,35.5835,-97.5638
129910,Columbus,Georgia,32.4779,-84.898
154907,Amarillo,Texas,35.1663,-101.8868
159205,Henderson,Kentucky,37.8274,-87.5632
100524,New York,New York,40.7402,-73.9996
144680,Arlington,Texas,32.6555,-97.1599
133263,Atlanta,Georgia,33.7865,-84.4454
114524,Chicago,Illinois,41.849,-87.7157
160143,Los Angeles,California,34.0762,-118.3029
102771,New York,New York,40.8011,-73.9371
149881,San Francisco,California,37.7509,-122.4153
134495,Jacksonville,Florida,30.2787,-81.5831
129028,Florence,South Carolina,34.1838,-79.7728
147942,San Francisco,California,37.7509,-122.4153
145877,Springfield,Missouri,37.1668,-93.3085
118360,New York,New York,40.7402,-73.9996
123281,Los Angeles,California,34.0116,-118.3411
121419,Columbus,Georgia,32.4779,-84.898
106355,Meriden,Connecticut,41.5334,-72.7997
145275,Decatur,Alabama,34.5896,-86.9887
131156,Philadelphia,Pennsylvania,39.9448,-75.2288
127264,Chicago,Illinois,41.8196,-87.6126
140536,New York,New York,40.8011,-73.9371
109211,New York,New York,40.7402,-73.9996
144848,New York,New York,40.7262,-73.9796
157903,Des Plaines,Illinois,42.0467,-87.8859
161592,Chattanooga,Tennessee,35.025,-85.1459
107265,Marion,Iowa,42.0411,-91.5941
100930,Tampa,Florida,28.0091,-82.5034
165904,Jacksonville,Florida,30.2787,-81.5831
157854,Roswell,Georgia,34.0213,-84.3104
136721,Oak Park,Michigan,42.4662,-83.184
112333,Plainfield,New Jersey,40.6152,-74.415
150987,San Francisco,California,37.7509,-122.4153
135279,New York,New York,40.7402,-73.9996
122154,Jacksonville,Florida,30.2787,-81.5831
112900,Detroit,Michigan,42.4313,-82.9813
169404,York,Pennsylvania,39.9494,-76.713
115070,Jacksonville,Florida,30.2787,-81.5831
135069,Philadelphia,Pennsylvania,39.9448,-75.2288
161984,New Brunswick,New Jersey,40.4891,-74.4482
125115,Austin,Texas,30.2063,-97.7956
150623,Waterbury,Connecticut,41.5511,-73.0645
130904,Burlington,North Carolina,36.1288,-79.4114
166128,Pasadena,California,34.1678,-118.1261
143028,Lubbock,Texas,33.5159,-101.9344
100482,Lancaster,Ohio,39.7187,-82.6031
122735,Providence,Rhode Island,41.8383,-71.4377
135076,Hesperia,California,34.4222,-117.3025
155460,Seattle,Washington,47.6633,-122.3022
141663,Philadelphia,Pennsylvania,39.9925,-75.1133
126060,Fayetteville,North Carolina,35.0583,-79.008
131233,New York,New York,40.7864,-73.9764
127117,Morristown,New Jersey,40.7952,-74.4873
144932,Toledo,Ohio,41.6492,-83.6706
159604,Springfield,Missouri,37.1668,-93.3085
118857,Henderson,Nevada,36.0357,-114.9718
126774,Arlington,Virginia,38.859,-77.0997
161851,Miami,Florida,25.9597,-80.1403
141698,Houston,Texas,29.8602,-95.5817
134635,Los Angeles,California,34.066,-118.474
114412,Concord,North Carolina,35.4141,-80.6162
108070,San Jose,California,37.2458,-121.8306
138086,San Francisco,California,37.7917,-122.4186
109946,Chicago,Illinois,41.9033,-87.6336
156356,Houston,Texas,29.8941,-95.6481
136497,Columbus,Ohio,40.0839,-82.9726
122707,Birmingham,Alabama,33.3538,-86.8254
128965,Los Angeles,California,34.0116,-118.3411
119389,Philadelphia,Pennsylvania,40.0343,-75.1213
134845,Louisville,Colorado,39.9789,-105.1456
129203,Chicago,Illinois,41.8196,-87.6126
100615,Chicago,Illinois,41.8196,-87.6126
151484,Philadelphia,Pennsylvania,40.0343,-75.1213
166849,Chicago,Illinois,41.9033,-87.6336
166324,Cleveland,Ohio,41.4509,-81.619
119655,Detroit,Michigan,42.4337,-83.0434
128853,Baltimore,Maryland,39.3446,-76.6794
166198,Seattle,Washington,47.6733,-122.3426
152366,Houston,Texas,29.6984,-95.5405
145863,Houston,Texas,29.8602,-95.5817
140802,Houston,Texas,29.9781,-95.5803
135783,San Francisco,California,37.7593,-122.4836
169054,Philadelphia,Pennsylvania,40.0118,-75.1456
146192,Columbus,Georgia,32.4779,-84.898
132031,Clarksville,Tennessee,36.5853,-87.4186
101700,Greeley,Colorado,40.4109,-104.7541
136651,Pasadena,California,34.1678,-118.1261
108553,New York,New York,40.7864,-73.9764
157112,Columbus,Ohio,40.0839,-82.9726
104010,New York,New York,40.7402,-73.9996
146360,Indianapolis,Indiana,39.8326,-86.0836
149489,Philadelphia,Pennsylvania,39.9448,-75.2288
125269,Chicago,Illinois,41.9033,-87.6336
166933,Santa Barbara,California,34.4197,-119.7078
168102,Jacksonville,Florida,30.2787,-81.5831
128832,Providence,Rhode Island,41.8383,-71.4377
116953,Mesa,Arizona,33.3992,-111.7896
159226,Los Angeles,California,34.0116,-118.3411
129707,Chandler,Arizona,33.3301,-111.8632
132213,Nashville,Tennessee,36.0725,-86.724
120222,Los Angeles,California,34.0818,-118.1753
151071,Los Angeles,California,34.066,-118.474
125381,San Francisco,California,37.7917,-122.4186
160045,Fort Worth,Texas,32.7968,-97.356
143665,Seattle,Washington,47.6849,-122.2968
135692,Fort Worth,Texas,32.7968,-97.356
151281,Seattle,Washington,47.6633,-122.3022
168228,Los Angeles,California,33.9631,-118.3941
120894,Wilmington,North Carolina,34.2237,-77.8862
160962,Philadelphia,Pennsylvania,39.9448,-75.2288
137631,Kissimmee,Florida,28.3051,-81.4242
164056,Dublin,Ohio,40.1093,-83.1146
126718,Orange,New Jersey,40.7692,-74.2355
137876,San Francisco,California,37.7509,-122.4153
108315,Sanford,Florida,28.8013,-81.285
108322,Pompano Beach,Florida,26.216,-80.2205
124597,Boynton Beach,Florida,26.5312,-80.1418
154501,Los Angeles,California,34.0116,-118.3411
144582,Danville,Illinois,40.137,-87.6217
150609,Los Angeles,California,34.0818,-118.1753
144526,Philadelphia,Pennsylvania,39.9448,-75.2288
151911,New York,New York,40.7864,-73.9764
107636,Manchester,Connecticut,41.7777,-72.5244
136784,San Francisco,California,37.7593,-122.4836
150847,Columbus,Ohio,40.0839,-82.9726
110198,Pompano Beach,Florida,26.2729,-80.2603
102204,Jacksonville,Florida,30.2787,-81.5831
110212,Texarkana,Arkansas,33.431,-93.8765
123134,Westfield,New Jersey,40.6479,-74.3451
147844,Los Angeles,California,34.066,-118.474
128398,Los Angeles,California,34.066,-118.474
132199,Philadelphia,Pennsylvania,39.9925,-75.1133
163209,San Francisco,California,37.7593,-122.4836
132178,Los Angeles,California,34.0762,-118.3029
162978,San Francisco,California,37.7917,-122.4186
119914,Westminster,California,33.7524,-117.9939
133067,Philadelphia,Pennsylvania,40.0118,-75.1456
168900,Springfield,Ohio,39.9528,-83.7804
128755,Newport News,Virginia,37.1132,-76.5179
105991,Louisville,Colorado,39.9789,-105.1456
160724,Columbus,Georgia,32.4779,-84.898
141943,San Francisco,California,37.7593,-122.4836
107552,New York,New York,40.8011,-73.9371
158740,Pointe-Aux-Trembles,Quebec,45.6753,-73.5016
133200,Fort Worth,Texas,32.7968,-97.356
133487,Rancho Cucamonga,California,34.107,-117.5941
156769,Arlington,Virginia,38.859,-77.0997
140242,Chicago,Illinois,41.849,-87.7157
144498,Charlotte,North Carolina,35.22,-80.7881
167668,New York,New York,40.8011,-73.9371
145779,Tucson,Arizona,32.2691,-110.9845
162124,Chicago,Illinois,41.8196,-87.6126
141733,Detroit,Michigan,42.4337,-83.0434
159688,Los Angeles,California,34.0762,-118.3029
102820,Pasadena,California,34.1678,-118.1261
156895,Philadelphia,Pennsylvania,40.0118,-75.1456
149181,Columbus,Ohio,40.0839,-82.9726
104451,San Francisco,California,37.7509,-122.4153
107797,Mansfield,Texas,32.5773,-97.1416
133865,Los Angeles,California,34.0818,-118.1753
134810,Jacksonville,North Carolina,34.7375,-77.4628
118199,Seattle,Washington,47.6633,-122.3022
139647,Phoenix,Arizona,33.6324,-112.1118
140298,Austin,Texas,30.2063,-97.7956
115322,New York,New York,40.7864,-73.9764
133823,Seattle,Washington,47.6733,-122.3426
122175,Vineland,New Jersey,39.4818,-75.0091
117632,San Francisco,California,37.7593,-122.4836
106796,Springfield,Ohio,39.9528,-83.7804
158218,Houston,Texas,29.8602,-95.5817
152226,Cincinnati,Ohio,39.2418,-84.5437
104577,Everett,Massachusetts,42.4112,-71.0514
137785,Philadelphia,Pennsylvania,40.0118,-75.1456
104318,Franklin,Tennessee,35.9328,-86.8788
161655,Newark,Delaware,39.7011,-75.7375
149048,Columbus,Indiana,39.2055,-85.9317
100748,San Francisco,California,37.7509,-122.4153
133361,Baltimore,Maryland,39.3446,-76.6794
161774,Houston,Texas,29.8602,-95.5817
143686,Santa Ana,California,33.7249,-117.909
154872,Cleveland,Ohio,41.4509,-81.619
133641,Gulfport,Mississippi,30.4601,-89.0886
129357,Seattle,Washington,47.6733,-122.3426
115546,New York,New York,40.8011,-73.9371
110604,Seattle,Washington,47.6733,-122.3426
102414,Phoenix,Arizona,33.6324,-112.1118
152569,Chicago,Illinois,41.8196,-87.6126
166576,Akron,Ohio,41.0334,-81.4385
159464,Atlanta,Georgia,33.9335,-84.3958
155642,Chicago,Illinois,41.8196,-87.6126
117863,New York,New York,40.7864,-73.9764
117401,Springfield,Missouri,37.1668,-93.3085
112536,Mcallen,Texas,26.2154,-98.2359
112865,Philadelphia,Pennsylvania,40.0118,-75.1456
121643,Portland,Oregon,45.484,-122.5973
135471,Pointe-Aux-Trembles,Quebec,45.6753,-73.5016
138975,Atlanta,Georgia,33.7865,-84.4454
145702,Knoxville,Tennessee,36.0501,-83.9226
113530,San Francisco,California,37.7917,-122.4186
100048,Mount Vernon,New York,40.9079,-73.838
153787,Seattle,Washington,47.6849,-122.2968
127803,Huntsville,Alabama,34.7784,-86.6091
147998,San Jose,California,37.2458,-121.8306
122077,Plano,Texas,33.055,-96.7365
120607,Atlanta,Georgia,33.7865,-84.4454
108700,Rockford,Illinois,42.2786,-89.0361
166695,Lakewood,California,33.8512,-118.1457
166688,Las Vegas,Nevada,36.2158,-115.0671
111332,Fargo,North Dakota,46.8564,-96.8123
149468,Trenton,Michigan,42.1382,-83.2179
167899,Auburn,New York,42.93,-76.5626
150595,Chicago,Illinois,41.8196,-87.6126
151127,Los Angeles,California,34.066,-118.474
130106,San Francisco,California,37.7917,-122.4186
153080,Los Angeles,California,34.0116,-118.3411
167003,Los Angeles,California,34.0699,-118.3492
164042,Houston,Texas,29.8941,-95.6481
120168,New York,New York,40.7262,-73.9796
161088,Columbus,Georgia,32.4779,-84.898
112473,Houston,Texas,29.9781,-95.5803
123687,Louisville,Kentucky,38.1593,-85.778
107853,Oceanside,California,33.2072,-117.3573
152968,Harrisonburg,Virginia,38.4489,-78.8714
136882,Tulsa,Oklahoma,36.0467,-95.8841
116897,Pocatello,Idaho,42.8876,-112.4381
134152,Seattle,Washington,47.6733,-122.3426
132297,Louisville,Kentucky,38.1593,-85.778
151855,Greensboro,North Carolina,36.1214,-79.7733
160458,Memphis,Tennessee,35.0425,-90.0732
161340,Cleveland,Ohio,41.4509,-81.619
140088,Columbia,South Carolina,34.0635,-81.0265
118556,Chicago,Illinois,41.8196,-87.6126
141572,Concord,New Hampshire,43.2185,-71.5277
100055,Laurel,Maryland,39.1077,-76.872
145765,Phoenix,Arizona,33.6324,-112.1118
112613,Houston,Texas,29.9781,-95.5803
168739,Houston,Texas,29.8941,-95.6481
121580,Columbus,Indiana,39.2055,-85.9317
144568,Omaha,Nebraska,41.2919,-95.9999
104745,Harlingen,Texas,26.1951,-97.689
125472,Lafayette,Louisiana,30.2077,-92.0656
142461,Dallas,Texas,32.7244,-96.6755
121125,Portland,Oregon,45.4094,-122.8014
116498,La Jolla,California,32.8455,-117.2521
120614,Los Angeles,California,34.0762,-118.3029
121559,Indianapolis,Indiana,39.743,-86.1179
112928,Toledo,Ohio,41.6492,-83.6706
106831,Dublin,Ohio,40.1093,-83.1146
146493,Fremont,Nebraska,41.4416,-96.4945
157413,Philadelphia,Pennsylvania,40.0343,-75.1213
140760,Mesa,Arizona,33.3992,-111.7896
143294,Houston,Texas,29.9781,-95.5803
158883,Jacksonville,North Carolina,34.7375,-77.4628
127705,Lorain,Ohio,41.4578,-82.171
140872,Hollywood,Florida,26.0296,-80.2489
126382,Franklin,Tennessee,35.9328,-86.8788
113908,New York,New York,40.7402,-73.9996
145772,Los Angeles,California,34.0699,-118.3492
145506,Spokane,Washington,47.6977,-117.3746
150420,Bellingham,Washington,48.7974,-122.4448
158407,Monroe,North Carolina,35.0178,-80.5372
149720,Frisco,Texas,33.1499,-96.8241
158106,Saint Paul,Minnesota,44.7497,-93.2029
133095,Jonesboro,Arkansas,35.833,-90.6965
158953,Missouri City,Texas,29.5962,-95.5115
100426,Florence,Alabama,34.8305,-87.656
141614,Orlando,Florida,28.4871,-81.4082
126788,Pearland,Texas,29.5617,-95.2721
131849,San Francisco,California,37.7593,-122.4836
109316,Los Angeles,California,34.066,-118.474
155299,Pasadena,Texas,29.7009,-95.1989
106579,Skokie,Illinois,42.0362,-87.7328
107979,Glendale,Arizona,33.5311,-112.1767
117436,Norwich,Connecticut,41.5371,-72.0849
132682,Richardson,Texas,32.9462,-96.7058
106663,Chicago,Illinois,41.8196,-87.6126
146822,Salem,Virginia,37.2853,-80.0692
100951,Dallas,Texas,32.7244,-96.6755
140963,Los Angeles,California,33.9631,-118.3941
137001,Thousand Oaks,California,34.2092,-118.8739
167080,New York,New York,40.7402,-73.9996
143343,Los Angeles,California,34.0818,-118.1753
112172,New York,New York,40.7864,-73.9764
158071,Seattle,Washington,47.6733,-122.3426
131583,Philadelphia,Pennsylvania,39.9448,-75.2288
107167,Jacksonville,Florida,30.2787,-81.5831
106103,Rochester,Michigan,42.6593,-83.1225
134565,Seattle,Washington,47.6733,-122.3426
120418,Peoria,Arizona,33.5761,-112.2344
141481,Los Angeles,California,34.0699,-118.3492
102554,Auburn,Alabama,32.5475,-85.4682
133928,Hickory,North Carolina,35.7576,-81.3289
152002,Los Angeles,California,34.0762,-118.3029
108441,New York,New York,40.8011,-73.9371
143861,Saint Petersburg,Florida,27.7898,-82.7243
124191,Chicago,Illinois,41.9033,-87.6336
148474,Columbus,Georgia,32.4779,-84.898
119424,Kent,Washington,47.388,-122.1932
117821,Marion,Ohio,40.5876,-83.1271
104850,Seattle,Washington,47.6733,-122.3426
102337,Chicago,Illinois,41.8196,-87.6126
122056,Springfield,Virginia,38.7449,-77.237
126914,Monroe,North Carolina,35.0178,-80.5372
119284,Nashville,Tennessee,36.0725,-86.724
111178,Quincy,Illinois,39.9307,-91.3763
135167,Los Angeles,California,34.0699,-118.3492
169691,Osseo,Minnesota,45.1284,-93.4589
118864,Los Angeles,California,34.0818,-118.1753
169901,San Francisco,California,37.7593,-122.4836
105214,San Francisco,California,37.7593,-122.4836
129462,Florence,Kentucky,38.9941,-84.642
111269,Dublin,Ohio,40.1093,-83.1146
136826,Chapel Hill,North Carolina,35.9203,-79.0372
132206,Chicago,Illinois,41.8196,-87.6126
155873,Carlsbad,New Mexico,32.4119,-104.2395
118437,Olympia,Washington,47.1043,-123.0552
131618,Skokie,Illinois,42.0362,-87.7328
157833,San Francisco,California,37.7593,-122.4836
146346,Commerce City,Colorado,39.8259,-104.9113
165323,New York,New York,40.7864,-73.9764
112753,Los Angeles,California,34.0818,-118.1753
162712,Corpus Christi,Texas,27.7262,-97.4078
128944,Newark,Ohio,40.0724,-82.4046
138870,San Francisco,California,37.7917,-122.4186
154011,Richardson,Texas,32.9462,-96.7058
102288,Houston,Texas,29.8941,-95.6481
169999,New York,New York,40.8011,-73.9371
140844,New York,New York,40.8011,-73.9371
141992,Dallas,Texas,32.8681,-96.8622
106852,Cleveland,Ohio,41.3853,-81.7044
132934,New Rochelle,New York,40.9166,-73.7877
101434,Belleville,New Jersey,40.7946,-74.1631
135986,Richmond,Virginia,37.5477,-77.3948
151218,Miami,Florida,25.9597,-80.1403
101049,Cleveland,Ohio,41.4509,-81.619
124744,Wheeling,West Virginia,40.1027,-80.6476
105823,Detroit,Michigan,42.3883,-83.1937
155936,Chicago,Illinois,41.8196,-87.6126
165757,Philadelphia,Pennsylvania,40.0118,-75.1456
133781,Miami,Florida,25.8141,-80.3549
136350,New York,New York,40.7402,-73.9996
100384,Pomona,California,34.0812,-117.7362
122105,Huntington Beach,California,33.6654,-117.9686
132955,Cranston,Rhode Island,41.7716,-71.4659
151316,Decatur,Illinois,39.8395,-88.9465
159107,San Francisco,California,37.7509,-122.4153
105074,Akron,Ohio,41.0334,-81.4385
116127,New York,New York,40.7864,-73.9764
124821,Seattle,Washington,47.6849,-122.2968
133648,Springfield,Oregon,44.0611,-123.0153
134796,Bolingbrook,Illinois,41.6976,-88.0873
148810,Miami,Florida,25.9597,-80.1403
157091,La Porte,Indiana,41.5994,-86.7077
133256,Detroit,Michigan,42.3883,-83.1937
107132,New York,New York,40.7262,-73.9796
115364,San Diego,California,32.7423,-117.0947
100636,New York,New York,40.8011,-73.9371
138310,Denver,Colorado,39.6956,-105.0341
161410,Philadelphia,Pennsylvania,39.9448,-75.2288
163531,New York,New York,40.7864,-73.9764
123638,Watertown,New York,43.9743,-75.9122
116988,Seattle,Washington,47.6633,-122.3022
151190,Omaha,Nebraska,41.2919,-95.9999
137449,Dallas,Texas,32.8681,-96.8622
143574,Milford,Connecticut,41.2175,-73.0549
147039,Minneapolis,Minnesota,44.9378,-93.2545
138149,Los Angeles,California,34.066,-118.474
137085,Los Angeles,California,34.0762,-118.3029
126081,Mesquite,Texas,32.8154,-96.6307
100650,Anaheim,California,33.8186,-117.9729
109393,Los Angeles,California,34.0818,-118.1753
163006,Chicago,Illinois,41.8196,-87.6126
125745,Memphis,Tennessee,35.0425,-90.0732
131695,New York,New York,40.7864,-73.9764
102890,New York,New York,40.7402,-73.9996
102946,Las Vegas,Nevada,36.2158,-115.0671
113201,Los Angeles,California,33.9631,-118.3941
164112,Mount Vernon,New York,40.9079,-73.838
148362,Indianapolis,Indiana,39.743,-86.1179
107958,Houston,Texas,29.6984,-95.5405
169124,Citrus Heights,California,38.6946,-121.2692
126179,Columbus,Georgia,32.4779,-84.898
140053,Farmington,New Mexico,36.7412,-108.1797
106747,Concord,New Hampshire,43.2185,-71.5277
111024,Lancaster,Ohio,39.7187,-82.6031
124828,Burlington,North Carolina,36.1288,-79.4114
121503,Houston,Texas,29.8602,-95.5817
129777,Quincy,Massachusetts,42.2491,-70.9978
139437,Los Angeles,California,34.0762,-118.3029
168109,Seattle,Washington,47.6633,-122.3022
166233,Jacksonville,North Carolina,34.7375,-77.4628
111647,Plano,Texas,33.055,-96.7365
100223,Dallas,Texas,32.8681,-96.8622
104388,Fremont,Nebraska,41.4416,-96.4945
152492,Miami,Florida,25.813,-80.232
101784,Los Angeles,California,34.0116,-118.3411
124303,Philadelphia,Pennsylvania,40.0343,-75.1213
169551,Philadelphia,Pennsylvania,40.0343,-75.1213
105053,Long Beach,New York,40.5877,-73.6595
106824,Los Angeles,California,34.066,-118.474
155152,Warwick,Rhode Island,41.7026,-71.4476
140480,Newark,Delaware,39.7011,-75.7375
133249,Pico Rivera,California,33.9886,-118.0883
108560,Kent,Washington,47.388,-122.1932
138464,Seattle,Washington,47.6849,-122.2968
134306,Lowell,Massachusetts,42.6344,-71.2983
150189,San Mateo,California,37.5395,-122.2998
111759,Seattle,Washington,47.6733,-122.3426
145128,Lafayette,Indiana,40.4001,-86.8602
115651,Chicago,Illinois,41.9033,-87.6336
121083,Manchester,Connecticut,41.7777,-72.5244
100209,Portland,Oregon,45.484,-122.5973
132122,Chicago,Illinois,41.9033,-87.6336
128629,Columbus,Georgia,32.4779,-84.898
169012,Columbus,Georgia,32.4779,-84.898
127460,Aurora,Illinois,41.7582,-88.2971
162015,Los Angeles,California,34.066,-118.474
127656,Waterloo,Iowa,42.4778,-92.3661
136623,San Diego,California,32.7423,-117.0947
164959,Los Angeles,California,34.0762,-118.3029
156818,New York,New York,40.7262,-73.9796
106047,Fairfield,Ohio,39.3266,-84.5479
136364,Philadelphia,Pennsylvania,40.0118,-75.1456
102155,Overland Park,Kansas,38.9568,-94.6832
161935,Columbus,Ohio,40.0839,-82.9726
121048,Westminster,California,33.7524,-117.9939
164378,New York,New York,40.7864,-73.9764
128951,Suffolk,Virginia,36.7304,-76.5931
166142,Wilmington,Delaware,39.7434,-75.5827
156909,Philadelphia,Pennsylvania,40.0118,-75.1456
152842,Charlotte,North Carolina,35.22,-80.7881
109778,Woodstock,Illinois,42.3198,-88.4477
142342,Apple Valley,California,34.5291,-117.2132
139948,Tampa,Florida,28.0091,-82.5034
105046,Rome,New York,43.2193,-75.4498
126662,Los Angeles,California,34.0699,-118.3492
142573,Phoenix,Arizona,33.6324,-112.1118
165358,Philadelphia,Pennsylvania,39.9925,-75.1133
108343,New York,New York,40.7262,-73.9796
122035,Sioux Falls,South Dakota,43.5374,-96.6864
118640,Chicago,Illinois,41.9033,-87.6336
150497,Osseo,Minnesota,45.1284,-93.4589
104731,Salem,Virginia,37.2853,-80.0692
145429,Encinitas,California,33.0535,-117.2689
123834,Pharr,Texas,26.1771,-98.187
123204,New York,New York,40.7864,-73.9764
158505,Salt Lake City,Utah,40.6568,-111.8904
118724,Concord,California,37.9575,-121.975
145093,Chicago,Illinois,41.849,-87.7157
160465,Cleveland,Ohio,41.4509,-81.619
103478,Aurora,Illinois,41.7582,-88.2971
127719,Plainfield,New Jersey,40.6152,-74.415
106551,Chicago,Illinois,41.8196,-87.6126
109750,New York,New York,40.7262,-73.9796
110940,Wheeling,Illinois,42.134,-87.9341
169320,Elkhart,Indiana,41.7101,-85.9729
117240,New York,New York,40.7262,-73.9796
125367,New York,New York,40.7402,-73.9996
133718,Los Angeles,California,33.9631,-118.3941
103506,Long Beach,New York,40.5877,-73.6595
101721,Chicago,Illinois,41.849,-87.7157
118346,Kenosha,Wisconsin,42.556,-87.8705
135013,Huntington Beach,California,33.6654,-117.9686
121293,Philadelphia,Pennsylvania,39.9448,-75.2288
167549,Dallas,Texas,32.7244,-96.6755
169810,Sioux Falls,South Dakota,43.5374,-96.6864
125640,Philadelphia,Pennsylvania,39.9925,-75.1133
167318,Los Angeles,California,34.0699,-118.3492
107209,Raleigh,North Carolina,35.8334,-78.5799
123239,Jacksonville,Florida,30.2787,-81.5831
133046,Seattle,Washington,47.6849,-122.2968
108791,Yonkers,New York,40.9461,-73.8669
130841,San Francisco,California,37.7509,-122.4153
115301,Seattle,Washington,47.6733,-122.3426
130953,Oklahoma City,Oklahoma,35.5835,-97.5638
101483,Jacksonville,North Carolina,34.7375,-77.4628
146031,Troy,New York,42.7287,-73.6683
130771,Austin,Texas,30.2063,-97.7956
113852,Seattle,Washington,47.6849,-122.2968
155740,Lakewood,Ohio,41.4847,-81.8018
167913,Mission Viejo,California,33.6128,-117.6622
141103,Baltimore,Maryland,39.3446,-76.6794
161102,San Francisco,California,37.7509,-122.4153
165869,Milwaukee,Wisconsin,43.1188,-87.9478
147032,Wilmington,Delaware,39.7434,-75.5827
121909,Philadelphia,Pennsylvania,39.9925,-75.1133
125752,Fort Lauderdale,Florida,26.1421,-80.1728
126144,Philadelphia,Pennsylvania,39.9925,-75.1133
115805,Chicago,Illinois,41.8196,-87.6126
124576,Salinas,California,36.6811,-121.6176
162691,Austin,Texas,30.2063,-97.7956
168942,San Francisco,California,37.7917,-122.4186
133235,Charlotte,North Carolina,35.22,-80.7881
135034,Chicago,Illinois,41.8196,-87.6126
165386,Chicago,Illinois,41.849,-87.7157
168396,San Francisco,California,37.7593,-122.4836
163566,Fairfield,Ohio,39.3266,-84.5479
143175,Los Angeles,California,34.0762,-118.3029
141747,Seattle,Washington,47.6633,-122.3022
140781,Bloomington,Illinois,40.4783,-88.9893
146367,Carrollton,Texas,33.0033,-96.882
132738,Loveland,Colorado,40.4262,-105.09
128328,Indianapolis,Indiana,39.743,-86.1179
117695,Richmond,Kentucky,37.7546,-84.2955
154676,Houston,Texas,29.9781,-95.5803
161200,Lafayette,Louisiana,30.2077,-92.0656
151981,Concord,New Hampshire,43.2185,-71.5277
136609,Cedar Hill,Texas,32.5885,-96.9438
168172,New York,New York,40.7402,-73.9996
156776,Westminster,California,33.7524,-117.9939
117023,Long Beach,New York,40.5877,-73.6595
155999,San Diego,California,32.7423,-117.0947
115175,San Jose,California,37.2458,-121.8306
110821,Richardson,Texas,32.9462,-96.7058
158344,Moorhead,Minnesota,46.8677,-96.7572
163321,Jacksonville,North Carolina,34.7375,-77.4628
143063,Columbus,Indiana,39.2055,-85.9317
145443,Richmond,Indiana,39.8324,-84.8936
139311,Bedford,Texas,32.8536,-97.1358
160899,Lake Charles,Louisiana,30.2285,-93.188
100433,New York,New York,40.7262,-73.9796
118941,Columbia,Maryland,39.2141,-76.8788
158169,Lake Forest,California,33.6437,-117.6868
152310,Seattle,Washington,47.6733,-122.3426
106537,Orlando,Florida,28.4871,-81.4082
128363,Memphis,Tennessee,35.0425,-90.0732
103828,San Francisco,California,37.7593,-122.4836
100580,La Jolla,California,32.8455,-117.2521
167542,Philadelphia,Pennsylvania,40.0343,-75.1213
105921,Los Angeles,California,34.0818,-118.1753
169264,San Francisco,California,37.7917,-122.4186
138548,Plainfield,New Jersey,40.6152,-74.415
144883,Saint Paul,Minnesota,45.0139,-93.1571
117723,Philadelphia,Pennsylvania,40.0343,-75.1213
122987,Columbia,Tennessee,35.6156,-87.038
133102,Houston,Texas,29.8941,-95.6481
118892,Philadelphia,Pennsylvania,39.9925,-75.1133
111423,Watertown,New York,43.9743,-75.9122
166093,Brentwood,California,37.9324,-121.6894
151211,Louisville,Kentucky,38.1593,-85.778
117947,New York,New York,40.7402,-73.9996
119809,Seattle,Washington,47.6733,-122.3426
163069,Columbus,Ohio,40.0839,-82.9726
112809,Dallas,Texas,32.8681,-96.8622
122028,Lakewood,Ohio,41.4847,-81.8018
151358,Seattle,Washington,47.6633,-122.3022
121027,Seattle,Washington,47.6633,-122.3022
162936,New Bedford,Massachusetts,41.6347,-70.9372
100398,Salt Lake City,Utah,40.7056,-111.8548
101728,Chicago,Illinois,41.8196,-87.6126
132339,Lawrence,Massachusetts,42.7115,-71.167
115777,Lawrence,Massachusetts,42.7115,-71.167
111241,Fresno,California,36.7528,-119.7061
105326,Los Angeles,California,34.0699,-118.3492
137344,Franklin,Massachusetts,42.0935,-71.4058
119011,San Francisco,California,37.7917,-122.4186
114356,Charlotte,North Carolina,35.22,-80.7881
155705,Jackson,Mississippi,32.2435,-90.2612
121489,Seattle,Washington,47.6849,-122.2968
109253,Oakland,California,37.7806,-122.2166
117646,Louisville,Colorado,39.9789,-105.1456
112956,Columbia,Maryland,39.2141,-76.8788
102183,New York,New York,40.8011,-73.9371
126956,Lakeville,Minnesota,44.6749,-93.2578
144750,Chandler,Arizona,33.3301,-111.8632
131037,San Francisco,California,37.7509,-122.4153
132381,Philadelphia,Pennsylvania,39.9448,-75.2288
129021,Tallahassee,Florida,30.4874,-84.3189
139717,Lancaster,Ohio,39.7187,-82.6031
123043,New York,New York,40.7864,-73.9764
159793,Philadelphia,Pennsylvania,40.0118,-75.1456
101210,Jackson,Tennessee,35.6102,-88.814
114636,Charlotte,North Carolina,35.22,-80.7881
105697,Cleveland,Ohio,41.4509,-81.619
157350,Chicago,Illinois,41.9033,-87.6336
132584,Detroit,Michigan,42.4337,-83.0434
128475,Columbus,Georgia,32.4779,-84.898
161956,Inglewood,California,33.955,-118.3556
163097,Mesa,Arizona,33.3992,-111.7896
134481,Franklin,Massachusetts,42.0935,-71.4058
101273,Port Saint Lucie,Florida,27.2889,-80.298
155047,Dallas,Texas,32.8681,-96.8622
139465,New York,New York,40.7864,-73.9764
162208,Tampa,Florida,28.0091,-82.5034
130036,Philadelphia,Pennsylvania,40.0343,-75.1213
133501,Franklin,Tennessee,35.9328,-86.8788
126067,Seattle,Washington,47.6633,-122.3022
169502,Milwaukee,Wisconsin,43.1188,-87.9478
146920,Chicago,Illinois,41.849,-87.7157
101014,Los Angeles,California,34.066,-118.474
104024,Philadelphia,Pennsylvania,39.9925,-75.1133
144064,Quincy,Illinois,39.9307,-91.3763
154074,Spokane,Washington,47.6977,-117.3746
133004,Indianapolis,Indiana,39.8326,-86.0836
107321,San Francisco,California,37.7509,-122.4153
159884,Tempe,Arizona,33.4227,-111.9261
135062,Fayetteville,North Carolina,35.0583,-79.008
132619,San Francisco,California,37.7917,-122.4186
127712,Salem,Oregon,44.949,-123.004
117198,Monroe,Louisiana,32.553,-92.0422
145653,Detroit,Michigan,42.4313,-82.9813
131625,New York,New York,40.7262,-73.9796
128041,Seattle,Washington,47.6733,-122.3426
135230,Seattle,Washington,47.6733,-122.3426
107909,Redmond,Washington,47.6718,-122.1232
111388,Seattle,Washington,47.6733,-122.3426
157987,New York,New York,40.7262,-73.9796
114552,Cleveland,Ohio,41.4509,-81.619
169327,Los Angeles,California,34.0116,-118.3411
163657,Los Angeles,California,34.066,-118.474
111220,Chicago,Illinois,41.8196,-87.6126
110380,San Francisco,California,37.7593,-122.4836
123001,Bakersfield,California,35.3384,-119.0627
146983,Henderson,Kentucky,37.8274,-87.5632
102218,Fort Collins,Colorado,40.5384,-105.0547
145037,Meriden,Connecticut,41.5334,-72.7997
114216,Philadelphia,Pennsylvania,40.0118,-75.1456
137596,Jackson,Michigan,42.2545,-84.3875
113075,Chicago,Illinois,41.849,-87.7157
153255,Concord,California,37.9575,-121.975
161067,New York,New York,40.8011,-73.9371
161557,Dallas,Texas,32.7244,-96.6755
161823,San Francisco,California,37.7593,-122.4836
123022,La Mesa,California,32.7604,-117.0115
122637,Chicago,Illinois,41.8196,-87.6126
146136,Palm Coast,Florida,29.5565,-81.219
167626,Chicago,Illinois,41.849,-87.7157
140326,Chicago,Illinois,41.8196,-87.6126
117450,Boynton Beach,Florida,26.5312,-80.1418
102750,Los Angeles,California,34.0699,-118.3492
116680,San Francisco,California,37.7593,-122.4836
100783,Garland,Texas,32.8565,-96.5999
152485,Coppell,Texas,32.9673,-96.9805
109757,Akron,Ohio,41.0334,-81.4385
137582,Oakland,California,37.7806,-122.2166
147655,Redmond,Oregon,44.2767,-121.1896
141929,Los Angeles,California,34.0762,-118.3029
166394,Nashua,New Hampshire,42.7564,-71.4667
101182,Apple Valley,California,34.5291,-117.2132
117261,Los Angeles,California,34.0818,-118.1753
147410,Santa Ana,California,33.7249,-117.909
120761,Long Beach,New York,40.5877,-73.6595
117394,Philadelphia,Pennsylvania,40.0343,-75.1213
102736,Knoxville,Tennessee,36.0501,-83.9226
107293,Seattle,Washington,47.6849,-122.2968
120705,Fort Lauderdale,Florida,26.1421,-80.1728
150070,Modesto,California,37.6236,-120.9966
129441,Los Angeles,California,34.0818,-118.1753
151008,Draper,Utah,40.5046,-111.881
107244,Los Angeles,California,34.0762,-118.3029
128783,Saint Charles,Missouri,38.8014,-90.5065
130687,Edmonds,Washington,47.8353,-122.327
128769,Nashville,Tennessee,36.0725,-86.724
163692,Phoenix,Arizona,33.6324,-112.1118
103877,Independence,Missouri,39.0545,-94.4039
100160,Philadelphia,Pennsylvania,39.9925,-75.1133
169488,Providence,Rhode Island,41.8383,-71.4377
100335,Chicago,Illinois,41.9033,-87.6336
124401,Portland,Oregon,45.484,-122.5973
148929,New York,New York,40.7402,-73.9996
104094,Milwaukee,Wisconsin,43.1188,-87.9478
124779,Arlington,Texas,32.6555,-97.1599
124968,Chicago,Illinois,41.9033,-87.6336
132437,New York,New York,40.7864,-73.9764
144456,Hialeah,Florida,25.8654,-80.3059
158036,Dublin,Ohio,40.1093,-83.1146
126396,Houston,Texas,29.9781,-95.5803
152856,Marion,Ohio,40.5876,-83.1271
149895,Philadelphia,Pennsylvania,39.9925,-75.1133
137498,Los Angeles,California,34.0762,-118.3029
118087,Philadelphia,Pennsylvania,39.9925,-75.1133
147228,Columbia,Tennessee,35.6156,-87.038
169439,Cleveland,Ohio,41.4509,-81.619
168403,Portland,Oregon,45.484,-122.5973
152198,Toledo,Ohio,41.6492,-83.6706
159562,Roseville,Michigan,42.5034,-82.9387
139444,Plano,Texas,33.055,-96.7365
155929,Glendale,Arizona,33.5311,-112.1767
147361,Florence,South Carolina,34.1838,-79.7728
100825,Los Angeles,California,34.0699,-118.3492
146213,Los Angeles,California,34.0818,-118.1753
128370,Los Angeles,California,34.0762,-118.3029
110905,Springfield,Missouri,37.1668,-93.3085
126438,Lawrence,Massachusetts,42.7115,-71.167
152093,Chicago,Illinois,41.8196,-87.6126
159954,Atlanta,Georgia,33.7865,-84.4454
147403,Akron,Ohio,41.0334,-81.4385
122280,New York,New York,40.7864,-73.9764
123036,Springfield,Ohio,39.9528,-83.7804
120999,Naperville,Illinois,41.7662,-88.141
149559,Long Beach,California,33.8635,-118.1801
142188,Seattle,Washington,47.6633,-122.3022
144484,San Francisco,California,37.7509,-122.4153
112774,Jacksonville,Florida,30.2787,-81.5831
160836,Houston,Texas,29.9781,-95.5803
152898,Richmond,Virginia,37.5477,-77.3948
127726,Georgetown,Kentucky,38.2117,-84.5562
117044,Chicago,Illinois,41.849,-87.7157
166898,Santa Ana,California,33.7249,-117.909
124898,Columbus,Georgia,32.4779,-84.898
103611,Los Angeles,California,34.0699,-118.3492
140676,Baltimore,Maryland,39.3446,-76.6794
108749,Woonsocket,Rhode Island,41.9846,-71.5194
109582,Los Angeles,California,34.0699,-118.3492
139493,Asheville,North Carolina,35.5808,-82.6078
156237,Philadelphia,Pennsylvania,40.0118,-75.1456
152975,New York,New York,40.8011,-73.9371
115882,Raleigh,North Carolina,35.8334,-78.5799
147725,Orange,New Jersey,40.7692,-74.2355
157224,Los Angeles,California,33.9631,-118.3941
108931,New York,New York,40.7864,-73.9764
114440,Jackson,Michigan,42.2545,-84.3875
130302,Springfield,Ohio,39.9528,-83.7804
121888,Everett,Massachusetts,42.4112,-71.0514
116652,San Francisco,California,37.7593,-122.4836
163300,Los Angeles,California,34.066,-118.474
124205,Lakewood,New Jersey,40.085,-74.2042
163020,New York,New York,40.7262,-73.9796
127096,San Francisco,California,37.7917,-122.4186
146185,Houston,Texas,29.8941,-95.6481
134418,Seattle,Washington,47.6733,-122.3426
165008,Salt Lake City,Utah,40.7056,-111.8548
145737,Lebanon,Tennessee,36.2098,-86.3024
130043,Houston,Texas,29.9781,-95.5803
139822,Waterbury,Connecticut,41.5511,-73.0645
132353,Chicago,Illinois,41.8196,-87.6126
136448,Philadelphia,Pennsylvania,39.9448,-75.2288
118136,Inglewood,California,33.955,-118.3556
144113,Austin,Texas,30.2063,-97.7956
130715,San Francisco,California,37.7509,-122.4153
112984,Philadelphia,Pennsylvania,39.9448,-75.2288
134173,Philadelphia,Pennsylvania,39.9448,-75.2288
141446,Florence,Kentucky,38.9941,-84.642
112515,Provo,Utah,40.2607,-111.6549
157931,Roswell,Georgia,34.0213,-84.3104
105669,Houston,Texas,29.6984,-95.5405
137470,Seattle,Washington,47.6849,-122.2968
126928,Morristown,New Jersey,40.7952,-74.4873
142293,Boise,Idaho,43.633,-116.2951
148068,New York,New York,40.8011,-73.9371
164756,Columbus,Georgia,32.4779,-84.898
131016,Arlington,Texas,32.6555,-97.1599
106180,San Francisco,California,37.7593,-122.4836
166856,Clovis,New Mexico,34.4126,-103.2214
140508,Dallas,Texas,32.8681,-96.8622
133333,Green Bay,Wisconsin,44.5025,-87.9771
134439,Grand Island,Nebraska,40.9219,-98.3411
143378,Springfield,Oregon,44.0611,-123.0153
102974,Los Angeles,California,34.0818,-118.1753
139787,Columbus,Georgia,32.4779,-84.898
160801,Philadelphia,Pennsylvania,40.0343,-75.1213
153822,Phoenix,Arizona,33.6324,-112.1118
148866,New York,New York,40.7402,-73.9996
139619,Melbourne,Florida,28.1384,-80.6524
100111,New York,New York,40.8011,-73.9371
123351,Columbus,Georgia,32.4779,-84.898
151428,Rochester,Minnesota,44.0496,-92.4896
146878,Miami,Florida,25.813,-80.232
169817,Philadelphia,Pennsylvania,39.9448,-75.2288
133074,San Francisco,California,37.7917,-122.4186
165155,Los Angeles,California,33.9631,-118.3941
132262,Seattle,Washington,47.6733,-122.3426
167381,Lansing,Michigan,42.6797,-84.5772
162789,New York,New York,40.8011,-73.9371
161970,Smyrna,Georgia,33.8796,-84.5023
108245,Pearland,Texas,29.5617,-95.2721
158379,Philadelphia,Pennsylvania,39.9925,-75.1133
166317,Milwaukee,Wisconsin,43.1188,-87.9478
161053,Fayetteville,Arkansas,36.052,-94.1534
136000,New York,New York,40.7262,-73.9796
103226,Albuquerque,New Mexico,35.0448,-106.6893
102967,Concord,New Hampshire,43.2185,-71.5277
117009,Santa Ana,California,33.7249,-117.909
122196,Wilmington,Delaware,39.7434,-75.5827
132059,Fort Collins,Colorado,40.5384,-105.0547
121853,Los Angeles,California,34.0699,-118.3492
121412,Louisville,Colorado,39.9789,-105.1456
125647,Chicago,Illinois,41.8196,-87.6126
123778,San Francisco,California,37.7593,-122.4836
132521,Seattle,Washington,47.6633,-122.3022
138422,Fort Collins,Colorado,40.5384,-105.0547
103520,Lubbock,Texas,33.5159,-101.9344
102309,Pine Bluff,Arkansas,34.1897,-92.0448
121314,Miami,Florida,25.8141,-80.3549
117485,Tulsa,Oklahoma,36.0467,-95.8841
142034,Saint Cloud,Minnesota,45.541,-94.1819
148411,Chicago,Illinois,41.849,-87.7157
108910,Newark,Ohio,40.0724,-82.4046
142391,Seattle,Washington,47.6849,-122.2968
132675,Atlanta,Georgia,33.9335,-84.3958
163335,Columbus,Georgia,32.4779,-84.898
134096,Hollywood,Florida,26.0218,-80.1891
144694,Miami,Florida,25.9597,-80.1403
130148,San Francisco,California,37.7509,-122.4153
122364,Los Angeles,California,34.0116,-118.3411
160325,Lawrence,Massachusetts,42.7115,-71.167
121839,Lancaster,Ohio,39.7187,-82.6031
144904,New York,New York,40.7262,-73.9796
162481,Rochester,Minnesota,44.0496,-92.4896
162572,Cincinnati,Ohio,39.2418,-84.5437
112004,Chester,Pennsylvania,39.8498,-75.3747
122112,Lakewood,Ohio,41.4847,-81.8018
116939,Richmond,Virginia,37.5477,-77.3948
169929,Helena,Montana,46.6131,-112.0213
129490,Hollywood,Florida,25.9894,-80.2153
106145,San Francisco,California,37.7917,-122.4186
156391,Salem,Oregon,44.949,-123.004
101574,Los Angeles,California,34.0818,-118.1753
125717,Aurora,Colorado,39.6575,-104.7846
152205,Philadelphia,Pennsylvania,39.9925,-75.1133
160017,Jacksonville,Florida,30.2787,-81.5831
139955,Brownsville,Texas,25.9221,-97.4612
140186,Bakersfield,California,35.3384,-119.0627
121300,Mentor,Ohio,41.6895,-81.3421
141509,Los Angeles,California,34.0699,-118.3492
100314,Pasadena,Texas,29.7009,-95.1989
128335,Mount Vernon,New York,40.9079,-73.838
126676,Hempstead,New York,40.7049,-73.6176
148138,Marion,Ohio,40.5876,-83.1271
118402,Memphis,Tennessee,35.0425,-90.0732
137918,Lodi,California,38.1222,-121.2555
147452,Seattle,Washington,47.6733,-122.3426
130603,Arlington,Texas,32.6555,-97.1599
120908,Philadelphia,Pennsylvania,40.0343,-75.1213
144225,Baltimore,Maryland,39.3446,-76.6794
123029,Los Angeles,California,34.066,-118.474
129378,San Jose,California,37.2458,-121.8306
156951,Seattle,Washington,47.6633,-122.3022
152275,San Antonio,Texas,29.4229,-98.526
117807,Fremont,Nebraska,41.4416,-96.4945
139577,San Francisco,California,37.7509,-122.4153
113418,New York,New York,40.8011,-73.9371
141117,Springfield,Oregon,44.0611,-123.0153
137414,San Francisco,California,37.7917,-122.4186
162558,Knoxville,Tennessee,36.0501,-83.9226
116113,Montgomery,Alabama,32.3129,-86.2421
126074,Trenton,Michigan,42.1382,-83.2179
152926,Houston,Texas,29.8602,-95.5817
105914,Los Angeles,California,34.0699,-118.3492
101308,Seattle,Washington,47.6633,-122.3022
147564,New York,New York,40.7402,-73.9996
123981,New York,New York,40.8011,-73.9371
143035,New York,New York,40.7262,-73.9796
101749,Pasadena,California,34.1678,-118.1261
149853,Hialeah,Florida,25.8654,-80.3059
144820,Pasadena,Texas,29.7009,-95.1989
141789,Minneapolis,Minnesota,44.9378,-93.2545
134607,Rochester,New York,43.174,-77.5637
163818,Clinton,Maryland,38.7549,-76.9026
131807,Chico,California,39.7224,-121.8113
143112,New York,New York,40.8011,-73.9371
167661,San Francisco,California,37.7509,-122.4153
103247,New York,New York,40.7402,-73.9996
157672,Denver,Colorado,39.6956,-105.0341
148054,Meridian,Idaho,43.615,-116.3975
137421,Chandler,Arizona,33.3301,-111.8632
146269,Chicago,Illinois,41.849,-87.7157
109099,New York,New York,40.7262,-73.9796
118577,Belleville,New Jersey,40.7946,-74.1631
136868,New York,New York,40.8011,-73.9371
104003,San Francisco,California,37.7509,-122.4153
148404,Charlotte,North Carolina,35.22,-80.7881
128426,Houston,Texas,29.6984,-95.5405
152709,Detroit,Michigan,42.4337,-83.0434
108574,Los Angeles,California,33.9631,-118.3941
168613,New York,New York,40.7262,-73.9796
151596,Cranston,Rhode Island,41.7716,-71.4659
105487,San Diego,California,32.7423,-117.0947
141873,New York,New York,40.7864,-73.9764
163125,League City,Texas,29.5173,-95.0963
132430,Lakewood,Ohio,41.4847,-81.8018
117247,Aurora,Illinois,41.7582,-88.2971
115595,Los Angeles,California,34.0818,-118.1753
162635,Wilmington,North Carolina,34.2237,-77.8862
111717,Aurora,Illinois,41.7582,-88.2971
150091,Lakewood,New Jersey,40.085,-74.2042
152702,Rockford,Illinois,42.2786,-89.0361
130505,Wheeling,West Virginia,40.1027,-80.6476
112431,Los Angeles,California,34.066,-118.474
126536,San Francisco,California,37.7509,-122.4153
168655,Albuquerque,New Mexico,35.0448,-106.6893
169607,New York,New York,40.7864,-73.9764
152933,Richardson,Texas,32.9462,-96.7058
149146,Monroe,North Carolina,35.0178,-80.5372
169362,Dallas,Texas,32.7244,-96.6755
163160,Freeport,Illinois,42.2991,-89.6345
103212,Lafayette,Louisiana,30.2077,-92.0656
116519,New York,New York,40.7262,-73.9796
135909,Sacramento,California,38.4797,-121.4438
132976,Philadelphia,Pennsylvania,40.0118,-75.1456
148831,Louisville,Kentucky,38.1593,-85.778
168837,Oakland,California,37.7806,-122.2166
126123,Chicago,Illinois,41.849,-87.7157
150707,Columbia,Maryland,39.2141,-76.8788
151183,San Francisco,California,37.7509,-122.4153
142643,Thousand Oaks,California,34.2092,-118.8739
113670,Los Angeles,California,33.9631,-118.3941
100237,Orem,Utah,40.3134,-111.6953
106033,San Francisco,California,37.7509,-122.4153
164819,Fairfield,Connecticut,41.1692,-73.2681
154949,Camarillo,California,34.2313,-119.0464
132234,New York,New York,40.7402,-73.9996
159100,Columbia,Tennessee,35.6156,-87.038
158386,Richmond,Kentucky,37.7546,-84.2955
111577,Scottsdale,Arizona,33.6165,-111.9554
159282,Yuma,Arizona,32.7015,-114.6424
123246,La Jolla,California,32.8455,-117.2521
165603,Warwick,Rhode Island,41.7026,-71.4476
114804,Modesto,California,37.6236,-120.9966
106432,Waco,Texas,31.5171,-97.1198
131492,San Francisco,California,37.7509,-122.4153
125388,Lawrence,Massachusetts,42.7115,-71.167
117653,Chicago,Illinois,41.849,-87.7157
125199,Philadelphia,Pennsylvania,40.0343,-75.1213
125990,San Francisco,California,37.7593,-122.4836
120390,Burlington,North Carolina,36.1288,-79.4114
107727,Houston,Texas,29.8941,-95.6481
159457,Houston,Texas,29.8941,-95.6481
107004,Vancouver (North West End / Stanley Park),British Columbia,49.299,-123.1408
103065,Jacksonville,Florida,30.2787,-81.5831
147277,Akron,Ohio,41.0334,-81.4385
158743,Little Rock,Arkansas,34.6725,-92.3529
146416,Woodland,California,38.6816,-121.8052
104822,New York,New York,40.7864,-73.9764
158722,Philadelphia,Pennsylvania,40.0343,-75.1213
115252,Durham,North Carolina,35.9631,-78.9315
167094,Springfield,Oregon,44.0611,-123.0153
113558,Lakeland,Florida,28.0381,-81.9392
145884,Muskogee,Oklahoma,35.7411,-95.3449
117422,Lakewood,Ohio,41.4847,-81.8018
100356,Chicago,Illinois,41.8196,-87.6126
148166,Deltona,Florida,28.8989,-81.2473
142125,Milwaukee,Wisconsin,43.1188,-87.9478
117331,Glendale,Arizona,33.5311,-112.1767
113453,Philadelphia,Pennsylvania,39.9448,-75.2288
154410,Indianapolis,Indiana,39.743,-86.1179
130141,Fort Collins,Colorado,40.5384,-105.0547
101581,Redmond,Oregon,44.2767,-121.1896
130211,Lawton,Oklahoma,34.6179,-98.4552
111920,Tulsa,Oklahoma,36.0467,-95.8841
127180,New York,New York,40.7864,-73.9764
156363,Philadelphia,Pennsylvania,39.9925,-75.1133
125451,Cranston,Rhode Island,41.7716,-71.4659
139913,Rochester,New York,43.174,-77.5637
105389,San Antonio,Texas,29.4229,-98.526
106068,Austin,Texas,30.2063,-97.7956
117079,Jacksonville,Florida,30.2787,-81.5831
141705,Mansfield,Texas,32.5773,-97.1416
144365,Jackson,Mississippi,32.2435,-90.2612
162173,Virginia Beach,Virginia,36.7978,-76.1759
115119,Lancaster,Pennsylvania,40.0335,-76.2844
110646,Philadelphia,Pennsylvania,39.9925,-75.1133
155558,Rochester,Minnesota,44.0496,-92.4896
102729,Dallas,Texas,32.7244,-96.6755
130764,San Francisco,California,37.7509,-122.4153
151225,Los Angeles,California,34.0818,-118.1753
110310,Tallahassee,Florida,30.4874,-84.3189
110373,Chicago,Illinois,41.9033,-87.6336
127922,Richardson,Texas,32.9462,-96.7058
134880,Mesa,Arizona,33.3992,-111.7896
139353,Fayetteville,North Carolina,35.0583,-79.008
118367,New York,New York,40.8011,-73.9371
160661,Everett,Massachusetts,42.4112,-71.0514
111262,Houston,Texas,29.8941,-95.6481
160983,Auburn,New York,42.93,-76.5626
142622,Seattle,Washington,47.6849,-122.2968
155292,Richmond,Kentucky,37.7546,-84.2955
123491,San Francisco,California,37.7593,-122.4836
139661,Vancouver,Washington,45.6418,-122.6251
152583,Dallas,Texas,32.7244,-96.6755
152807,Philadelphia,Pennsylvania,40.0118,-75.1456
127285,Seattle,Washington,47.6849,-122.2968
131632,Dallas,Texas,32.7244,-96.6755
117114,Chicago,Illinois,41.9033,-87.6336
123967,Bellingham,Washington,48.7974,-122.4448
104136,Everett,Massachusetts,42.4112,-71.0514
143567,Henderson,Kentucky,37.8274,-87.5632
120061,Springfield,Ohio,39.9528,-83.7804
127782,Philadelphia,Pennsylvania,40.0118,-75.1456
163790,Danville,California,37.814,-121.966
167227,Saint Louis,Missouri,38.5814,-90.2625
115609,Los Angeles,California,34.0699,-118.3492
169005,Springfield,Virginia,38.7449,-77.237
145597,Bloomington,Illinois,40.4783,-88.9893
116358,Overland Park,Kansas,38.9568,-94.6832
164049,Seattle,Washington,47.6633,-122.3022
168179,Salt Lake City,Utah,40.7056,-111.8548
141425,Columbus,Ohio,40.0839,-82.9726
142636,Seattle,Washington,47.6633,-122.3022
143329,Las Cruces,New Mexico,32.2901,-106.7539
153339,Murfreesboro,Tennessee,35.8456,-86.3903
135419,Bakersfield,California,35.3384,-119.0627
105998,La Jolla,California,32.8455,-117.2521
100622,Orlando,Florida,28.4871,-81.4082
110429,Philadelphia,Pennsylvania,39.9448,-75.2288
168802,Seattle,Washington,47.6733,-122.3426
121615,Saint Paul,Minnesota,44.786,-93.2202
126046,Atlanta,Georgia,33.7865,-84.4454
103009,Richmond,Kentucky,37.7546,-84.2955
148320,San Francisco,California,37.7917,-122.4186
130834,Wilmington,North Carolina,34.2237,-77.8862
101518,Philadelphia,Pennsylvania,40.0118,-75.1456
110989,Seattle,Washington,47.6633,-122.3022
161130,Miami,Florida,25.8141,-80.3549
147760,Greensboro,North Carolina,36.1214,-79.7733
168116,Burlington,North Carolina,36.1288,-79.4114
159135,Springdale,Arkansas,36.1835,-94.1762
121160,Bryan,Texas,30.6913,-96.3714
102610,Chattanooga,Tennessee,35.025,-85.1459
105144,Grand Prairie,Texas,32.7115,-97.0069
156083,Columbia,Tennessee,35.6156,-87.038
122672,Lancaster,Ohio,39.7187,-82.6031
102925,New York,New York,40.7864,-73.9764
154732,Chicago,Illinois,41.849,-87.7157
107272,Phoenix,Arizona,33.6324,-112.1118
118213,Greenwood,Indiana,39.6224,-86.149
157196,San Diego,California,32.7423,-117.0947
116225,New York,New York,40.7262,-73.9796
111745,Farmington,New Mexico,36.7412,-108.1797
114258,Richardson,Texas,32.9462,-96.7058
107174,Seattle,Washington,47.6633,-122.3022
154109,Philadelphia,Pennsylvania,39.9448,-75.2288
100013,Los Angeles,California,33.9631,-118.3941
119319,Dallas,Texas,32.7244,-96.6755
167941,Fayetteville,North Carolina,35.0583,-79.008
125290,Minneapolis,Minnesota,44.9378,-93.2545
106691,Houston,Texas,29.9781,-95.5803
109484,Portland,Oregon,45.484,-122.5973
153948,San Francisco,California,37.7593,-122.4836
144596,New York,New York,40.7402,-73.9996
154816,Richmond,Kentucky,37.7546,-84.2955
150504,Dallas,Texas,32.8681,-96.8622
107720,Westfield,New Jersey,40.6479,-74.3451
113460,Clinton,Maryland,38.7549,-76.9026
149888,Philadelphia,Pennsylvania,40.0343,-75.1213
132346,Newark,Delaware,39.7011,-75.7375
163188,Oklahoma City,Oklahoma,35.5835,-97.5638
152737,San Francisco,California,37.7593,-122.4836
113572,New York,New York,40.7864,-73.9764
122504,Brentwood,California,37.9324,-121.6894
155621,Baltimore,Maryland,39.3446,-76.6794
143658,New York,New York,40.8011,-73.9371
158246,Sunnyvale,California,37.3764,-122.0238
119494,San Diego,California,32.7423,-117.0947
141852,Oceanside,California,33.2072,-117.3573
161018,New York,New York,40.7262,-73.9796
152912,Columbia,Maryland,39.2141,-76.8788
159597,Coachella,California,33.675,-116.1772
159667,Jacksonville,Florida,30.2787,-81.5831
137624,Los Angeles,California,34.0116,-118.3411
155425,Tucson,Arizona,32.2691,-110.9845
161739,Round Rock,Texas,30.5145,-97.668
128447,Pasco,Washington,46.2492,-119.1044
162096,Riverside,California,33.9208,-117.4589
163874,Seattle,Washington,47.6633,-122.3022
104640,New York,New York,40.7864,-73.9764
142671,Hollywood,Florida,26.0218,-80.1891
141138,Modesto,California,37.6236,-120.9966
148985,Los Angeles,California,33.9631,-118.3941
115448,Knoxville,Tennessee,36.0501,-83.9226
158561,Fort Lauderdale,Florida,26.1421,-80.1728
110842,Los Angeles,California,34.0699,-118.3492
157483,Detroit,Michigan,42.3883,-83.1937
150959,Garland,Texas,32.8565,-96.5999
143217,Milwaukee,Wisconsin,43.1188,-87.9478
120327,Urbandale,Iowa,41.6295,-93.723
143455,Springfield,Ohio,39.9528,-83.7804
154137,New York,New York,40.7262,-73.9796
167976,Aberdeen,South Dakota,45.4661,-98.4856
116491,Richardson,Texas,32.9462,-96.7058
134915,Glendale,Arizona,33.5311,-112.1767
164168,Richardson,Texas,32.9462,-96.7058
149944,Longview,Washington,46.1514,-122.9634
164364,Seattle,Washington,47.6849,-122.2968
134978,New York,New York,40.7864,-73.9764
136707,Los Angeles,California,34.0699,-118.3492
125808,Los Angeles,California,34.0818,-118.1753
160514,Santa Clara,California,37.3483,-121.9844
130386,Austin,Texas,30.2063,-97.7956
154088,Tallahassee,Florida,30.4874,-84.3189
122644,Columbus,Ohio,40.0839,-82.9726
166835,Lancaster,Pennsylvania,40.0335,-76.2844
132220,Tempe,Arizona,33.4227,-111.9261
116659,Newark,Ohio,40.0724,-82.4046
113873,Dallas,Texas,32.8681,-96.8622
122490,Seattle,Washington,47.6733,-122.3426
112844,Buffalo,New York,42.9335,-78.8115
124926,Houston,Texas,29.8941,-95.6481
153633,Jupiter,Florida,26.9339,-80.1201
165344,Springfield,Ohio,39.9528,-83.7804
165204,Memphis,Tennessee,35.0425,-90.0732
119662,Chicago,Illinois,41.849,-87.7157
133620,New York,New York,40.7262,-73.9796
123624,Oxnard,California,34.2141,-119.175
102904,Decatur,Alabama,34.5896,-86.9887
160416,Yonkers,New York,40.9461,-73.8669
140312,Dublin,California,37.7166,-121.9226
159156,New York,New York,40.7262,-73.9796
152142,San Francisco,California,37.7509,-122.4153
124261,Los Angeles,California,34.066,-118.474
136679,Pasadena,Texas,29.7009,-95.1989
138611,Grove City,Ohio,39.8814,-83.0839
106943,New York,New York,40.8011,-73.9371
142489,Houston,Texas,29.8941,-95.6481
118157,Minneapolis,Minnesota,44.9378,-93.2545
137323,Watertown,New York,43.9743,-75.9122
154121,Pointe-Aux-Trembles,Quebec,45.6753,-73.5016
108112,Hollywood,Florida,25.9894,-80.2153
122945,Roseville,California,38.7346,-121.234
157448,Los Angeles,California,34.066,-118.474
107888,Seattle,Washington,47.6733,-122.3426
108091,Escondido,California,33.1101,-117.07
160633,Bowling Green,Ohio,41.3815,-83.6507
121678,Elyria,Ohio,41.3724,-82.1051
157896,New York,New York,40.7262,-73.9796
137022,San Diego,California,32.7423,-117.0947
100601,Fresno,California,36.7528,-119.7061
136308,San Francisco,California,37.7593,-122.4836
114657,Yonkers,New York,40.9461,-73.8669
118598,Utica,New York,43.0871,-75.2315
124674,Brownsville,Texas,25.9221,-97.4612
155866,New York,New York,40.7402,-73.9996
165687,Salem,Virginia,37.2853,-80.0692
138163,Everett,Massachusetts,42.4112,-71.0514
116505,Hagerstown,Maryland,39.632,-77.7372
118122,Seattle,Washington,47.6733,-122.3426
158120,Hillsboro,Oregon,45.4984,-122.957
100902,Charlotte,North Carolina,35.22,-80.7881
128265,New York,New York,40.7402,-73.9996
163629,Athens,Georgia,33.9321,-83.3525
141719,Naperville,Illinois,41.7662,-88.141
166709,Newark,Delaware,39.7011,-75.7375
160122,Chicago,Illinois,41.849,-87.7157
107825,Milwaukee,Wisconsin,43.1188,-87.9478
143434,Saginaw,Michigan,43.4047,-83.9156
104864,Hollywood,Florida,25.9894,-80.2153
158946,Lakewood,Ohio,41.4847,-81.8018
132444,Seattle,Washington,47.6633,-122.3022
167871,Homestead,Florida,25.4766,-80.4839
104913,Long Beach,New York,40.5877,-73.6595
139969,College Station,Texas,30.6045,-96.3123
131254,Houston,Texas,29.8941,-95.6481
137491,San Angelo,Texas,31.4707,-100.4386
158876,Carrollton,Texas,33.0033,-96.882
126242,Los Angeles,California,34.066,-118.474
101042,Henderson,Kentucky,37.8274,-87.5632
143021,New York,New York,40.7402,-73.9996
152380,Chicago,Illinois,41.849,-87.7157
112529,San Antonio,Texas,29.4229,-98.526
168858,New York,New York,40.7402,-73.9996
146458,Springfield,Virginia,38.7449,-77.237
162929,New York,New York,40.8011,-73.9371
108014,Cleveland,Ohio,41.4509,-81.619
110926,Alexandria,Virginia,38.8149,-77.121
121468,Westminster,California,33.7524,-117.9939
111556,New York,New York,40.8011,-73.9371
103499,Jackson,Tennessee,35.6102,-88.814
110996,Ontario,California,34.0316,-117.6187
161193,Newark,Ohio,40.0724,-82.4046
154123,Henderson,Kentucky,37.8274,-87.5632
120404,New York,New York,40.8011,-73.9371
118731,San Francisco,California,37.7509,-122.4153
121818,Burlington,North Carolina,36.1288,-79.4114
146724,Lakeville,Minnesota,44.6749,-93.2578
107874,New York,New York,40.8011,-73.9371
142888,Spokane,Washington,47.6977,-117.3746
103380,Pasadena,California,34.1678,-118.1261
105130,San Francisco,California,37.7593,-122.4836
110443,Renton,Washington,47.5058,-122.1157
100811,Philadelphia,Pennsylvania,39.9448,-75.2288
157420,Houston,Texas,29.8941,-95.6481
144036,Houston,Texas,29.9781,-95.5803
103156,Philadelphia,Pennsylvania,40.0343,-75.1213
149160,Canton,Michigan,42.332,-83.4695
119746,Chicago,Illinois,41.9033,-87.6336
156622,Dallas,Texas,32.8681,-96.8622
119004,Charlotte,North Carolina,35.22,-80.7881
107832,Philadelphia,Pennsylvania,40.0343,-75.1213
148992,Chicago,Illinois,41.849,-87.7157
167017,Roseville,Michigan,42.5034,-82.9387
166919,Dallas,Texas,32.8681,-96.8622
168641,New York,New York,40.8011,-73.9371
166436,New York,New York,40.8011,-73.9371
137505,Los Angeles,California,34.0116,-118.3411
103765,Odessa,Texas,31.889,-102.3548
123701,San Francisco,California,37.7509,-122.4153
128118,Memphis,Tennessee,35.0425,-90.0732
146535,Richmond,Kentucky,37.7546,-84.2955
128300,Summerville,South Carolina,33.028,-80.1739
169894,Mesa,Arizona,33.3992,-111.7896
153654,Asheville,North Carolina,35.5808,-82.6078
101945,Houston,Texas,29.9781,-95.5803
131366,Lancaster,Pennsylvania,40.0335,-76.2844
162250,San Francisco,California,37.7917,-122.4186
105543,Garden City,Kansas,37.9769,-100.8621
164028,San Francisco,California,37.7593,-122.4836
133312,San Francisco,California,37.7593,-122.4836
124765,Fort Lauderdale,Florida,26.1421,-80.1728
109610,Louisville,Kentucky,38.1593,-85.778
150266,Houston,Texas,29.9781,-95.5803
101665,San Francisco,California,37.7593,-122.4836
161459,Laguna Niguel,California,33.5145,-117.7084
155159,Atlanta,Georgia,33.7865,-84.4454
129000,Canton,Michigan,42.332,-83.4695
141439,Richmond,Indiana,39.8324,-84.8936
135307,Kansas City,Missouri,39.2133,-94.5743
100097,New York,New York,40.7262,-73.9796
155607,New York,New York,40.7262,-73.9796
155957,Columbus,Ohio,40.0839,-82.9726
165029,Atlanta,Georgia,33.7865,-84.4454
130526,Rockford,Illinois,42.2786,-89.0361
122700,Columbus,Ohio,40.0839,-82.9726
107125,Los Angeles,California,33.9631,-118.3941
102519,Milwaukee,Wisconsin,43.1188,-87.9478
132185,Asheville,North Carolina,35.5808,-82.6078
103352,New York,New York,40.7402,-73.9996
159506,Columbus,Indiana,39.2055,-85.9317
101245,San Francisco,California,37.7917,-122.4186
133207,Los Angeles,California,34.0699,-118.3492
110576,Philadelphia,Pennsylvania,40.0343,-75.1213
117702,Baltimore,Maryland,39.3446,-76.6794
123372,New York,New York,40.8011,-73.9371
131303,La Jolla,California,32.8455,-117.2521
121538,Denver,Colorado,39.6956,-105.0341
108035,Chattanooga,Tennessee,35.025,-85.1459
165456,Philadelphia,Pennsylvania,39.9925,-75.1133
111689,New York,New York,40.7864,-73.9764
107314,San Francisco,California,37.7917,-122.4186
142090,Burlington,North Carolina,36.1288,-79.4114
120089,Toledo,Ohio,41.6492,-83.6706
116645,Newark,Delaware,39.7011,-75.7375
102267,Edinburg,Texas,26.2792,-98.1832
119305,Jackson,Mississippi,32.2435,-90.2612
105333,New York,New York,40.7402,-73.9996
137365,El Paso,Texas,31.7089,-106.3293
148768,Miami,Florida,25.9597,-80.1403
166926,Seattle,Washington,47.6633,-122.3022
143245,Fairfield,Connecticut,41.1692,-73.2681
113355,Grand Prairie,Texas,32.7115,-97.0069
122539,Philadelphia,Pennsylvania,40.0118,-75.1456
101805,Seattle,Washington,47.6633,-122.3022
145660,Marion,Ohio,40.5876,-83.1271
103968,Stockton,California,38.0024,-121.3238
127313,Philadelphia,Pennsylvania,40.0343,-75.1213
145233,Denver,Colorado,39.6956,-105.0341
135860,Saginaw,Michigan,43.4047,-83.9156
118542,Los Angeles,California,34.0116,-118.3411
163139,New York,New York,40.7262,-73.9796
144862,Philadelphia,Pennsylvania,39.9448,-75.2288
138618,San Antonio,Texas,29.4229,-98.526
112347,Denver,Colorado,39.6956,-105.0341
143756,Salem,Virginia,37.2853,-80.0692
102379,Oakland,California,37.7806,-122.2166
147221,Houston,Texas,29.6984,-95.5405
167395,Lowell,Massachusetts,42.6344,-71.2983
109701,Los Angeles,California,34.0818,-118.1753
104108,Houston,Texas,29.8941,-95.6481
108063,Charlottesville,Virginia,38.0936,-78.5611
157469,Lakewood,Ohio,41.4847,-81.8018
165715,Greensboro,North Carolina,36.1214,-79.7733
164917,Miami,Florida,25.9597,-80.1403
147767,Peoria,Arizona,33.5761,-112.2344
155089,Tampa,Florida,28.0091,-82.5034
155075,Philadelphia,Pennsylvania,40.0118,-75.1456
116715,San Francisco,California,37.7593,-122.4836
160885,Omaha,Nebraska,41.2919,-95.9999
105471,Halifax Lower Harbour,Nova Scotia,44.6344,-63.5822
106541,Dieppe Moncton East,New Brunswick,46.0967,-64.7087
145612,Dieppe Moncton East,New Brunswick,46.0967,-64.7087
103415,Houston,Texas,29.8602,-95.5817
118017,Denver,Colorado,39.8671,-104.9227
143126,Seattle,Washington,47.6849,-122.2968
149510,Fayetteville,North Carolina,35.0583,-79.008
148691,New York,New York,40.7262,-73.9796
136875,Encinitas,California,33.0535,-117.2689
123071,Plano,Texas,33.055,-96.7365
128699,Jacksonville,Florida,30.2787,-81.5831
139773,Philadelphia,Pennsylvania,39.9448,-75.2288
118003,Paterson,New Jersey,40.9143,-74.1671
117667,Philadelphia,Pennsylvania,39.9925,-75.1133
147550,Philadelphia,Pennsylvania,39.9925,-75.1133
107384,Rochester,Minnesota,44.0496,-92.4896
156412,Philadelphia,Pennsylvania,39.9925,-75.1133
160031,Fairfield,Ohio,39.3266,-84.5479
153227,Los Angeles,California,34.0818,-118.1753
152660,Chicago,Illinois,41.9033,-87.6336
109183,Nashville,Tennessee,36.0725,-86.724
105235,New York,New York,40.7402,-73.9996
126053,New York,New York,40.7864,-73.9764
156958,Seattle,Washington,47.6849,-122.2968
130351,Columbus,Indiana,39.2055,-85.9317
131212,Bellevue,Washington,47.5614,-122.1552
117128,New York,New York,40.7864,-73.9764
126865,Encinitas,California,33.0535,-117.2689
104066,Burlington,Vermont,44.484,-73.2199
149006,Brentwood,California,37.9324,-121.6894
136189,Richmond,Virginia,37.5477,-77.3948
135587,Hattiesburg,Mississippi,31.3146,-89.3065
122714,Chicago,Illinois,41.8196,-87.6126
134285,San Antonio,Texas,29.4229,-98.526
142328,San Francisco,California,37.7593,-122.4836
157980,Toledo,Ohio,41.6492,-83.6706
137099,Los Angeles,California,34.0116,-118.3411
117457,San Francisco,California,37.7509,-122.4153
117324,Madison,Wisconsin,43.0356,-89.4526
167570,Philadelphia,Pennsylvania,40.0118,-75.1456
148264,Inglewood,California,33.955,-118.3556
145226,New York,New York,40.8011,-73.9371
117926,San Francisco,California,37.7917,-122.4186
131961,Philadelphia,Pennsylvania,40.0118,-75.1456
108854,San Francisco,California,37.7917,-122.4186
152436,Cranston,Rhode Island,41.7716,-71.4659
141201,Salinas,California,36.6811,-121.6176
139199,Detroit,Michigan,42.4337,-83.0434
118038,Houston,Texas,29.8602,-95.5817
102407,Los Angeles,California,34.0762,-118.3029
167920,Richmond,Kentucky,37.7546,-84.2955
109960,Detroit,Michigan,42.4337,-83.0434
148012,Philadelphia,Pennsylvania,39.9448,-75.2288
102659,Grand Rapids,Michigan,43.012,-85.6309
139402,Phoenix,Arizona,33.6324,-112.1118
132927,Philadelphia,Pennsylvania,39.9925,-75.1133
129833,Indianapolis,Indiana,39.743,-86.1179
145366,Cincinnati,Ohio,39.2418,-84.5437
103814,Park Ridge,Illinois,42.0122,-87.8417
109715,Chicago,Illinois,41.849,-87.7157
108329,Whittier,California,33.9299,-118.0121
110149,Philadelphia,Pennsylvania,39.9448,-75.2288
158967,Fort Lauderdale,Florida,26.1421,-80.1728
135503,Charleston,South Carolina,32.9352,-80.0325
143798,Philadelphia,Pennsylvania,40.0118,-75.1456
148446,North Las Vegas,Nevada,36.2589,-115.1718
152695,Fairfield,Connecticut,41.1692,-73.2681
140907,Seattle,Washington,47.6733,-122.3426
167150,La Jolla,California,32.8455,-117.2521
148922,Jackson,Mississippi,32.2435,-90.2612
108294,Omaha,Nebraska,41.2919,-95.9999
107748,Stockton,California,38.0024,-121.3238
157651,Philadelphia,Pennsylvania,40.0343,-75.1213
168389,Jacksonville,Florida,30.2787,-81.5831
160759,Philadelphia,Pennsylvania,40.0343,-75.1213
162565,Aurora,Illinois,41.7582,-88.2971
165099,Abilene,Texas,32.432,-99.7724
153871,Plainfield,New Jersey,40.6152,-74.415
101798,New York,New York,40.7262,-73.9796
142776,Burlington,Iowa,40.8087,-91.117
100230,New York,New York,40.8011,-73.9371
125213,Paterson,New Jersey,40.9143,-74.1671
149706,Palatine,Illinois,42.1139,-88.0429
129581,New Bedford,Massachusetts,41.6347,-70.9372
135377,New York,New York,40.7864,-73.9764
122770,San Francisco,California,37.7593,-122.4836
107986,Seattle,Washington,47.6733,-122.3426
107629,Skokie,Illinois,42.0362,-87.7328
122595,Chicago,Illinois,41.8196,-87.6126
169859,Encinitas,California,33.0535,-117.2689
113992,Plano,Texas,33.055,-96.7365
151799,Lawrence,Massachusetts,42.7115,-71.167
147333,Fayetteville,Arkansas,36.052,-94.1534
119564,Seattle,Washington,47.6849,-122.2968
154116,Inglewood,California,33.955,-118.3556
136063,Oak Park,Illinois,41.8925,-87.7895
137428,Oceanside,California,33.2072,-117.3573
137463,Sunnyvale,California,37.3764,-122.0238
104381,Rochester,New York,43.174,-77.5637
111808,Tulsa,Oklahoma,36.0467,-95.8841
161578,Los Angeles,California,34.0699,-118.3492
116855,Chesapeake,Virginia,36.7352,-76.2384
103443,New York,New York,40.7262,-73.9796
116701,Dallas,Texas,32.8681,-96.8622
106964,Los Angeles,California,33.9631,-118.3941
133431,San Francisco,California,37.7593,-122.4836
107342,Columbus,Indiana,39.2055,-85.9317
155362,Eau Claire,Wisconsin,44.8346,-91.5159
120936,Anaheim,California,33.8186,-117.9729
130309,Arlington,Virginia,38.859,-77.0997
140585,Encinitas,California,33.0535,-117.2689
115602,New York,New York,40.7262,-73.9796
105886,Oceanside,New York,40.6362,-73.6375
143252,Milwaukee,Wisconsin,43.1188,-87.9478
156664,Columbus,Ohio,40.0839,-82.9726
108287,Charlotte,North Carolina,35.22,-80.7881
158736,San Francisco,California,37.7509,-122.4153
164000,Philadelphia,Pennsylvania,39.9925,-75.1133
102099,Los Angeles,California,34.0116,-118.3411
116946,Parker,Colorado,39.4895,-104.8447
128160,San Francisco,California,37.7509,-122.4153
158729,Lafayette,Louisiana,30.2077,-92.0656
102197,New York,New York,40.7262,-73.9796
105480,Rochester,New York,43.174,-77.5637
137456,Fremont,Nebraska,41.4416,-96.4945
163405,Los Angeles,California,34.066,-118.474
107461,Columbia,South Carolina,34.0635,-81.0265
165841,Paterson,New Jersey,40.9143,-74.1671
138380,Oakland,California,37.7806,-122.2166
144827,Costa Mesa,California,33.6483,-117.9155
106782,Lafayette,Indiana,40.4001,-86.8602
109589,Bowling Green,Kentucky,36.9375,-86.4481
119578,Providence,Rhode Island,41.8383,-71.4377
120376,Detroit,Michigan,42.3883,-83.1937
100412,Tuscaloosa,Alabama,33.1969,-87.5627
150910,Jackson,Tennessee,35.6102,-88.814
142909,Mesa,Arizona,33.3992,-111.7896
146164,Rochester,Minnesota,44.0496,-92.4896
155376,Independence,Missouri,39.0545,-94.4039
115931,Carlsbad,New Mexico,32.4119,-104.2395
119193,Toledo,Ohio,41.6492,-83.6706
104927,Houston,Texas,29.8941,-95.6481
145310,Port Orange,Florida,29.1383,-80.9956
149699,Los Angeles,California,34.0116,-118.3411
140627,Hendersonville,Tennessee,36.3054,-86.6072
110625,Danbury,Connecticut,41.3917,-73.4532
127929,Middletown,Connecticut,41.5569,-72.6652
121216,College Station,Texas,30.6045,-96.3123
123463,San Francisco,California,37.7917,-122.4186
117443,Rockford,Illinois,42.2786,-89.0361
162670,Little Rock,Arkansas,34.6725,-92.3529
128734,Chandler,Arizona,33.3301,-111.8632
124296,Lafayette,Louisiana,30.2077,-92.0656
169978,Oceanside,New York,40.6362,-73.6375
169411,Rochester,New York,43.174,-77.5637
117933,New York,New York,40.7864,-73.9764
148355,New Bedford,Massachusetts,41.6347,-70.9372
145219,Los Angeles,California,34.066,-118.474
163671,Meridian,Idaho,43.615,-116.3975
154935,New York,New York,40.7864,-73.9764
121195,Dallas,Texas,32.8681,-96.8622
147956,Seattle,Washington,47.6633,-122.3022
161480,New York,New York,40.8011,-73.9371
163510,Louisville,Kentucky,38.1593,-85.778
146780,New York,New York,40.8011,-73.9371
105620,Hialeah,Florida,25.8654,-80.3059
147669,Fairfield,Ohio,39.3266,-84.5479
134194,Richardson,Texas,32.9462,-96.7058
121398,Los Angeles,California,34.0116,-118.3411
162880,Everett,Washington,47.8948,-122.1987
114055,Huntsville,Alabama,34.7784,-86.6091
108756,East Orange,New Jersey,40.7696,-74.2077
112487,Columbus,Ohio,40.0839,-82.9726
106705,Burlington,Iowa,40.8087,-91.117
136238,Odessa,Texas,31.889,-102.3548
121741,Fremont,Nebraska,41.4416,-96.4945
134404,Newark,Ohio,40.0724,-82.4046
136539,Round Rock,Texas,30.5145,-97.668
101322,Long Beach,California,33.8635,-118.1801
163860,Peoria,Illinois,40.7111,-89.6324
129805,Seattle,Washington,47.6733,-122.3426
135111,Fargo,North Dakota,46.8564,-96.8123
164826,New York,New York,40.7864,-73.9764
162068,Loveland,Colorado,40.4262,-105.09
122798,Albuquerque,New Mexico,35.0448,-106.6893
127516,Nashville,Tennessee,36.0725,-86.724
163979,San Francisco,California,37.7509,-122.4153
158526,Louisville,Kentucky,38.1593,-85.778
118885,Los Angeles,California,34.066,-118.474
146626,Anaheim,California,33.8186,-117.9729
130631,Edmonds,Washington,47.8353,-122.327
102638,New York,New York,40.8011,-73.9371
158673,Grand Rapids,Michigan,43.012,-85.6309
143259,New York,New York,40.7262,-73.9796
126221,Columbus,Indiana,39.2055,-85.9317
115427,Fairfield,California,38.2671,-122.0357
156720,Loveland,Colorado,40.4262,-105.09
